#group,false,false,false
#datatype,string,long,dateTime:RFC3339
#default,,,
,id,p_count,time
,aiot,0,2026-02-22T19:09:14.249544117Z
,aiot,0,2026-02-22T19:14:14.27798797Z
,aiot,0,2026-02-22T19:19:14.306727726Z
,aiot,0,2026-02-22T19:24:14.348273073Z
,aiot,0,2026-02-22T19:29:14.267502864Z
,aiot,0,2026-02-22T19:34:14.287096934Z
,aiot,0,2026-02-22T19:39:14.255955098Z
,aiot,0,2026-02-22T19:44:14.66758689Z
,aiot,0,2026-02-22T19:49:14.596598766Z
,aiot,0,2026-02-22T19:54:14.629469813Z
,aiot,0,2026-02-22T19:59:14.65743224Z
,aiot,0,2026-02-22T20:04:14.688556244Z
,aiot,0,2026-02-22T20:14:15.041634487Z
,aiot,0,2026-02-22T20:19:14.987037753Z
,aiot,0,2026-02-22T20:24:15.010733049Z
,aiot,0,2026-02-22T20:29:15.165903309Z
,aiot,0,2026-02-22T20:34:15.077231223Z
,aiot,0,2026-02-22T20:39:14.944349676Z
,aiot,0,2026-02-22T20:44:15.165725114Z
,aiot,0,2026-02-22T20:49:15.077011542Z
,aiot,0,2026-02-22T20:54:15.109444471Z
,aiot,0,2026-02-22T20:59:15.148542856Z
,aiot,0,2026-02-22T21:04:15.068523436Z
,aiot,0,2026-02-22T21:09:15.086948316Z
,aiot,0,2026-02-22T21:14:15.126241557Z
,aiot,0,2026-02-22T21:19:15.159580222Z
,aiot,0,2026-02-22T21:24:15.090194127Z
,aiot,0,2026-02-22T21:29:15.317564783Z
,aiot,0,2026-02-22T21:34:15.437960659Z
,aiot,0,2026-02-22T21:39:15.576508308Z
,aiot,0,2026-02-22T21:44:15.606895738Z
,aiot,0,2026-02-22T21:49:15.647533811Z
,aiot,0,2026-02-22T21:54:15.777565829Z
,aiot,0,2026-02-22T21:59:16.006596969Z
,aiot,0,2026-02-22T22:04:16.050316673Z
,aiot,0,2026-02-22T22:09:16.286684581Z
,aiot,0,2026-02-22T22:14:16.305928852Z
,aiot,0,2026-02-22T22:19:16.345800654Z
,aiot,0,2026-02-22T22:24:16.587880025Z
,aiot,0,2026-02-22T22:29:16.507474026Z
,aiot,0,2026-02-22T22:34:16.745750874Z
,aiot,0,2026-02-22T22:44:16.937500964Z
,aiot,0,2026-02-22T22:49:17.14823218Z
,aiot,0,2026-02-22T22:54:17.082945325Z
,aiot,0,2026-02-22T22:59:17.108989474Z
,aiot,0,2026-02-22T23:04:17.136793113Z
,aiot,0,2026-02-22T23:09:17.067429616Z
,aiot,0,2026-02-22T23:14:17.086710077Z
,aiot,0,2026-02-22T23:19:17.128277158Z
,aiot,0,2026-02-22T23:24:17.178882109Z
,aiot,0,2026-02-22T23:29:17.286800507Z
,aiot,0,2026-02-22T23:34:17.329392091Z
,aiot,0,2026-02-22T23:39:17.569834212Z
,aiot,0,2026-02-22T23:44:17.586877427Z
,aiot,0,2026-02-22T23:49:17.65412995Z
,aiot,0,2026-02-22T23:54:17.648139432Z
,aiot,0,2026-02-22T23:59:17.709004259Z
,aiot,0,2026-02-23T00:04:17.520035095Z
,aiot,0,2026-02-23T00:09:17.647431218Z
,aiot,0,2026-02-23T00:14:17.778883605Z
,aiot,0,2026-02-23T00:19:17.706726249Z
,aiot,0,2026-02-23T00:24:18.048334412Z
,aiot,0,2026-02-23T00:29:18.078126361Z
,aiot,0,2026-02-23T00:34:18.108892902Z
,aiot,0,2026-02-23T00:39:18.127732582Z
,aiot,0,2026-02-23T00:44:18.16682942Z
,aiot,0,2026-02-23T00:49:18.198069937Z
,aiot,0,2026-02-23T00:54:18.2288796Z
,aiot,0,2026-02-23T00:59:18.247309587Z
,aiot,0,2026-02-23T01:04:18.317250209Z
,aiot,0,2026-02-23T01:14:18.796031517Z
,aiot,0,2026-02-23T01:19:18.887203285Z
,aiot,0,2026-02-23T01:24:18.826958785Z
,aiot,0,2026-02-23T01:29:18.849291465Z
,aiot,0,2026-02-23T01:34:18.887500936Z
,aiot,0,2026-02-23T01:39:18.812293195Z
,aiot,0,2026-02-23T01:44:18.846454003Z
,aiot,0,2026-02-23T01:49:18.888563274Z
,aiot,0,2026-02-23T01:54:18.927358022Z
,aiot,0,2026-02-23T01:59:18.92773469Z
,aiot,0,2026-02-23T02:04:18.977637228Z
,aiot,0,2026-02-23T02:09:18.887102157Z
,aiot,0,2026-02-23T02:14:18.926958514Z
,aiot,0,2026-02-23T02:19:18.959509527Z
,aiot,0,2026-02-23T02:24:19.00721388Z
,aiot,0,2026-02-23T02:29:19.028907974Z
,aiot,0,2026-02-23T02:34:19.160514904Z
,aiot,0,2026-02-23T02:39:19.287753661Z
,aiot,0,2026-02-23T02:44:19.415596631Z
,aiot,0,2026-02-23T02:49:19.488126822Z
,aiot,0,2026-02-23T02:54:19.467388902Z
,aiot,0,2026-02-23T02:59:19.307515137Z
,aiot,0,2026-02-23T03:04:19.546775375Z
,aiot,0,2026-02-23T03:09:19.47769469Z
,aiot,0,2026-02-23T03:14:19.727631578Z
,aiot,0,2026-02-23T03:19:19.63734542Z
,aiot,0,2026-02-23T03:24:19.757083639Z
,aiot,0,2026-02-23T03:29:19.907318659Z
,aiot,0,2026-02-23T03:34:19.927164858Z
,aiot,0,2026-02-23T03:44:20.527169613Z
,aiot,0,2026-02-23T03:49:20.526512382Z
,aiot,0,2026-02-23T03:54:20.677899619Z
,aiot,0,2026-02-23T03:59:20.706906161Z
,aiot,0,2026-02-23T04:04:20.737108073Z
,aiot,0,2026-02-23T04:09:20.667204828Z
,aiot,0,2026-02-23T04:14:20.687232414Z
,aiot,0,2026-02-23T04:19:20.744994617Z
,aiot,0,2026-02-23T04:24:20.756975843Z
,aiot,0,2026-02-23T04:29:20.797516737Z
,aiot,0,2026-02-23T04:34:20.829817347Z
,aiot,0,2026-02-23T04:39:20.756717151Z
,aiot,0,2026-02-23T04:44:20.767310135Z
,aiot,0,2026-02-23T04:49:20.816935914Z
,aiot,0,2026-02-23T04:54:20.845690715Z
,aiot,0,2026-02-23T04:59:20.876873441Z
,aiot,0,2026-02-23T05:04:20.907174284Z
,aiot,0,2026-02-23T05:09:20.845309373Z
,aiot,0,2026-02-23T05:14:20.866968806Z
,aiot,0,2026-02-23T05:19:20.886353589Z
,aiot,0,2026-02-23T05:24:20.926516005Z
,aiot,0,2026-02-23T05:29:20.957300291Z
,aiot,1,2026-02-23T05:34:20.987105975Z
,aiot,1,2026-02-23T05:39:20.917076249Z
,aiot,1,2026-02-23T05:44:20.95746051Z
,aiot,0,2026-02-23T05:49:20.978469061Z
,aiot,0,2026-02-23T05:54:20.907756471Z
,aiot,2,2026-02-23T05:59:20.927685812Z
,aiot,0,2026-02-23T06:04:21.086601797Z
,aiot,0,2026-02-23T06:14:21.2498235Z
,aiot,0,2026-02-23T06:19:21.487538336Z
,aiot,0,2026-02-23T06:24:21.273876033Z
,aiot,0,2026-02-23T06:29:21.445652982Z
,aiot,0,2026-02-23T06:34:21.466576326Z
,aiot,0,2026-02-23T06:39:21.396939298Z
,aiot,0,2026-02-23T06:44:21.430740521Z
,aiot,3,2026-02-23T06:49:21.45913109Z
,aiot,6,2026-02-23T06:54:21.406448674Z
,aiot,0,2026-02-23T06:59:21.499420991Z
,aiot,1,2026-02-23T07:04:21.43185434Z
,aiot,1,2026-02-23T07:09:21.489570506Z
,aiot,1,2026-02-23T07:14:21.498147233Z
,aiot,0,2026-02-23T07:19:21.536362512Z
,aiot,0,2026-02-23T07:24:21.55303348Z
,aiot,1,2026-02-23T07:29:21.48804983Z
,aiot,0,2026-02-23T07:34:21.418484759Z
,aiot,3,2026-02-23T07:39:21.439588981Z
,aiot,0,2026-02-23T07:44:21.466259718Z
,aiot,0,2026-02-23T07:49:21.518220282Z
,aiot,0,2026-02-23T07:54:21.537137263Z
,aiot,0,2026-02-23T07:59:21.5766894Z
,aiot,0,2026-02-23T08:04:21.609533094Z
,aiot,0,2026-02-23T08:09:21.539251762Z
,aiot,0,2026-02-23T08:14:21.55948195Z
,aiot,0,2026-02-23T08:19:21.590294078Z
,aiot,2,2026-02-23T08:24:21.625579778Z
,aiot,0,2026-02-23T08:29:21.547547245Z
,aiot,3,2026-02-23T08:34:21.579231956Z
,aiot,0,2026-02-23T08:44:21.895965531Z
,aiot,0,2026-02-23T08:49:22.089618139Z
,aiot,0,2026-02-23T08:54:22.006622784Z
,aiot,2,2026-02-23T08:59:22.035307905Z
,aiot,1,2026-02-23T09:04:22.090069614Z
,aiot,0,2026-02-23T09:09:21.999690618Z
,aiot,4,2026-02-23T09:14:22.041912477Z
,aiot,1,2026-02-23T09:19:22.071247443Z
,aiot,0,2026-02-23T09:24:22.114755088Z
,aiot,0,2026-02-23T09:29:22.139485672Z
,aiot,0,2026-02-23T09:34:22.062045575Z
,aiot,0,2026-02-23T09:39:22.088397762Z
,aiot,1,2026-02-23T09:44:22.131363242Z
,aiot,1,2026-02-23T09:49:22.576556647Z
,aiot,0,2026-02-23T09:54:22.082795132Z
,aiot,0,2026-02-23T09:59:22.123177128Z
,aiot,4,2026-02-23T10:04:22.148184573Z
,aiot,0,2026-02-23T10:09:22.165220032Z
,aiot,0,2026-02-23T10:14:22.104614469Z
,aiot,1,2026-02-23T10:19:22.238982558Z
,aiot,2,2026-02-23T10:24:22.171335373Z
,aiot,0,2026-02-23T10:29:22.210474674Z
,aiot,2,2026-02-23T10:34:22.216890874Z
,aiot,2,2026-02-23T10:39:22.278044112Z
,aiot,2,2026-02-23T10:44:22.177965858Z
,aiot,1,2026-02-23T10:49:22.219486713Z
,aiot,0,2026-02-23T10:54:22.257802113Z
,aiot,1,2026-02-23T10:59:22.27753629Z
,aiot,1,2026-02-23T11:04:22.206455071Z
,aiot,0,2026-02-23T11:14:22.63443082Z
,aiot,1,2026-02-23T11:19:22.827609687Z
,aiot,2,2026-02-23T11:24:22.659199685Z
,aiot,0,2026-02-23T11:29:22.772990028Z
,aiot,2,2026-02-23T11:34:22.815833747Z
,aiot,1,2026-02-23T11:39:22.671003582Z
,aiot,1,2026-02-23T11:44:22.761823564Z
,aiot,0,2026-02-23T11:49:22.809389756Z
,aiot,2,2026-02-23T11:54:22.847174047Z
,aiot,0,2026-02-23T11:59:22.857608162Z
,aiot,1,2026-02-23T12:04:22.777637734Z
,aiot,1,2026-02-23T12:09:22.810044805Z
,aiot,0,2026-02-23T12:14:22.845905622Z
,aiot,0,2026-02-23T12:19:22.906428104Z
,aiot,2,2026-02-23T12:24:22.937544716Z
,aiot,0,2026-02-23T12:29:22.871786079Z
,aiot,2,2026-02-23T12:34:23.018756451Z
,aiot,2,2026-02-23T12:39:22.907926065Z
,aiot,1,2026-02-23T12:44:22.931494469Z
,aiot,1,2026-02-23T12:49:22.989881286Z
,aiot,1,2026-02-23T12:54:22.907563143Z
,aiot,0,2026-02-23T12:59:22.927687225Z
,aiot,0,2026-02-23T13:04:22.963702307Z
,aiot,0,2026-02-23T13:09:23.002063267Z
,aiot,4,2026-02-23T13:14:23.00558915Z
,aiot,1,2026-02-23T13:19:23.066706585Z
,aiot,0,2026-02-23T13:24:22.984413253Z
,aiot,0,2026-02-23T13:29:23.12081434Z
,aiot,0,2026-02-23T13:34:23.179271241Z
,aiot,1,2026-02-23T13:44:23.416604929Z
,aiot,0,2026-02-23T13:49:23.410342875Z
,aiot,1,2026-02-23T13:54:23.570520272Z
,aiot,1,2026-02-23T13:59:23.619442469Z
,aiot,0,2026-02-23T14:04:23.554845258Z
,aiot,0,2026-02-23T14:09:23.572746475Z
,aiot,2,2026-02-23T14:14:23.459780231Z
,aiot,0,2026-02-23T14:19:23.650715541Z
,aiot,1,2026-02-23T14:24:23.566603479Z
,aiot,0,2026-02-23T14:29:23.707416291Z
,aiot,0,2026-02-23T14:34:23.629379115Z
,aiot,0,2026-02-23T14:39:23.651183019Z
,aiot,2,2026-02-23T14:44:23.56869629Z
,aiot,0,2026-02-23T14:49:23.623334311Z
,aiot,2,2026-02-23T14:54:23.635631589Z
,aiot,0,2026-02-23T14:59:23.691329418Z
,aiot,0,2026-02-23T15:04:23.694932372Z
,aiot,0,2026-02-23T15:09:23.731570877Z
,aiot,0,2026-02-23T15:14:23.773671155Z
,aiot,0,2026-02-23T15:19:23.699863919Z
,aiot,0,2026-02-23T15:24:23.723395253Z
,aiot,0,2026-02-23T15:29:23.569392534Z
,aiot,0,2026-02-23T15:34:23.689328997Z
,aiot,0,2026-02-23T15:39:23.811198984Z
,aiot,0,2026-02-23T15:44:23.862201638Z
,aiot,1,2026-02-23T15:49:23.775702516Z
,aiot,1,2026-02-23T15:54:23.810642016Z
,aiot,1,2026-02-23T15:59:23.729990566Z
,aiot,0,2026-02-23T16:04:23.782694298Z
,aiot,0,2026-02-23T16:14:24.251884201Z
,aiot,0,2026-02-23T16:19:24.087635826Z
,aiot,0,2026-02-23T16:24:24.08928943Z
,aiot,0,2026-02-23T16:29:24.231389404Z
,aiot,0,2026-02-23T16:34:24.291520339Z
,aiot,0,2026-02-23T16:39:24.202743342Z
,aiot,0,2026-02-23T16:44:24.235272091Z
,aiot,0,2026-02-23T16:49:24.25540237Z
,aiot,0,2026-02-23T16:54:24.298555958Z
,aiot,0,2026-02-23T16:59:24.321161597Z
,aiot,0,2026-02-23T17:04:24.378843767Z
,aiot,0,2026-02-23T17:09:24.296704666Z
,aiot,0,2026-02-23T17:14:24.324134386Z
,aiot,0,2026-02-23T17:19:24.344079474Z
,aiot,0,2026-02-23T17:24:24.392632034Z
,aiot,3,2026-02-23T17:29:24.399039641Z
,aiot,0,2026-02-23T17:34:24.347952991Z
,aiot,0,2026-02-23T17:39:24.370171697Z
,aiot,0,2026-02-23T17:44:24.502499529Z
,aiot,0,2026-02-23T17:49:24.449896801Z
,aiot,0,2026-02-23T17:54:24.451050339Z
,aiot,0,2026-02-23T17:59:24.4887384Z
,aiot,0,2026-02-23T18:04:24.432483026Z
,aiot,0,2026-02-23T18:09:24.447699924Z
,aiot,0,2026-02-23T18:14:24.476637342Z
,aiot,0,2026-02-23T18:19:24.536647135Z
,aiot,0,2026-02-23T18:24:24.436870805Z
,aiot,0,2026-02-23T18:29:24.457068207Z
,aiot,0,2026-02-23T18:34:24.496805955Z
,aiot,0,2026-02-23T18:44:24.87151165Z
,aiot,0,2026-02-23T18:49:24.907078264Z
,aiot,0,2026-02-23T18:54:24.827775965Z
,aiot,0,2026-02-23T18:59:24.853073646Z
,aiot,0,2026-02-23T19:04:24.884771035Z
,aiot,0,2026-02-23T19:09:24.930046507Z
,aiot,0,2026-02-23T19:14:24.968085074Z
,aiot,0,2026-02-23T19:19:24.994489594Z
,aiot,0,2026-02-23T19:24:24.923334443Z
,aiot,0,2026-02-23T19:29:24.953285746Z
,aiot,0,2026-02-23T19:34:24.977145069Z
,aiot,0,2026-02-23T19:39:24.91899668Z
,aiot,0,2026-02-23T19:44:24.931393589Z
,aiot,0,2026-02-23T19:49:24.975259633Z
,aiot,0,2026-02-23T19:54:25.004119613Z
,aiot,0,2026-02-23T19:59:25.043841201Z
,aiot,0,2026-02-23T20:04:25.058610207Z
,aiot,0,2026-02-23T20:09:24.987237451Z
,aiot,0,2026-02-23T20:14:25.041730089Z
,aiot,0,2026-02-23T20:19:25.047515262Z
,aiot,0,2026-02-23T20:24:24.969220583Z
,aiot,0,2026-02-23T20:29:25.018966026Z
,aiot,0,2026-02-23T20:34:25.15161535Z
,aiot,0,2026-02-23T20:39:25.078390591Z
,aiot,0,2026-02-23T20:44:25.117570005Z
,aiot,0,2026-02-23T20:49:25.027373217Z
,aiot,0,2026-02-23T20:54:25.067433913Z
,aiot,0,2026-02-23T20:59:25.087968332Z
,aiot,0,2026-02-23T21:04:25.226758096Z
,aiot,0,2026-02-23T21:14:25.474994554Z
,aiot,0,2026-02-23T21:19:25.53695862Z
,aiot,0,2026-02-23T21:24:25.383935435Z
,aiot,0,2026-02-23T21:29:25.491426616Z
,aiot,0,2026-02-23T21:34:25.523074688Z
,aiot,0,2026-02-23T21:39:25.553357371Z
,aiot,0,2026-02-23T21:44:25.488418966Z
,aiot,0,2026-02-23T21:49:25.617971093Z
,aiot,0,2026-02-23T21:54:25.549280572Z
,aiot,0,2026-02-23T21:59:25.571852294Z
,aiot,0,2026-02-23T22:04:25.606945169Z
,aiot,0,2026-02-23T22:09:25.653741937Z
,aiot,0,2026-02-23T22:14:25.55942675Z
,aiot,0,2026-02-23T22:19:25.688155853Z
,aiot,0,2026-02-23T22:24:25.627496904Z
,aiot,0,2026-02-23T22:29:25.652673097Z
,aiot,0,2026-02-23T22:34:25.587246531Z
,aiot,0,2026-02-23T22:39:25.61105965Z
,aiot,0,2026-02-23T22:44:25.64940712Z
,aiot,0,2026-02-23T22:49:25.660562099Z
,aiot,0,2026-02-23T22:54:25.720208553Z
,aiot,0,2026-02-23T22:59:25.729391725Z
,aiot,0,2026-02-23T23:04:25.770285569Z
,aiot,0,2026-02-23T23:09:25.809171157Z
,aiot,0,2026-02-23T23:14:25.731919098Z
,aiot,0,2026-02-23T23:19:25.778550461Z
,aiot,0,2026-02-23T23:24:25.788970252Z
,aiot,0,2026-02-23T23:29:25.72079576Z
,aiot,0,2026-02-23T23:34:25.859990968Z
,aiot,0,2026-02-23T23:44:26.058417559Z
,aiot,0,2026-02-23T23:49:26.052432681Z
,aiot,0,2026-02-23T23:54:26.180696499Z
,aiot,0,2026-02-23T23:59:26.210539046Z
,aiot,0,2026-02-24T00:04:26.145788068Z
,aiot,0,2026-02-24T00:09:26.173587945Z
,aiot,0,2026-02-24T00:14:26.208628225Z
,aiot,0,2026-02-24T00:19:26.242811418Z
,aiot,0,2026-02-24T00:24:26.271668343Z
,aiot,0,2026-02-24T00:29:26.191723842Z
,aiot,0,2026-02-24T00:34:26.214299543Z
,aiot,0,2026-02-24T00:39:26.268834088Z
,aiot,0,2026-02-24T00:44:26.190243967Z
,aiot,0,2026-02-24T00:49:26.335088511Z
,aiot,0,2026-02-24T00:54:26.350335967Z
,aiot,0,2026-02-24T00:59:26.296515302Z
,aiot,0,2026-02-24T01:04:26.299257692Z
,aiot,0,2026-02-24T01:09:26.241149167Z
,aiot,0,2026-02-24T01:14:26.316413315Z
,aiot,0,2026-02-24T01:19:26.291142769Z
,aiot,0,2026-02-24T01:24:26.457525233Z
,aiot,0,2026-02-24T01:29:26.371415304Z
,aiot,0,2026-02-24T01:34:26.411161061Z
,aiot,0,2026-02-24T01:39:26.3096529Z
,aiot,0,2026-02-24T01:44:26.348572732Z
,aiot,0,2026-02-24T01:49:26.369064145Z
,aiot,0,2026-02-24T01:54:26.539372555Z
,aiot,0,2026-02-24T01:59:26.449742349Z
,aiot,0,2026-02-24T02:04:26.487621156Z
,aiot,0,2026-02-24T02:14:26.954800773Z
,aiot,0,2026-02-24T02:19:26.959340492Z
,aiot,0,2026-02-24T02:24:26.789487451Z
,aiot,0,2026-02-24T02:29:26.921257606Z
,aiot,0,2026-02-24T02:34:26.979318435Z
,aiot,0,2026-02-24T02:39:26.890437025Z
,aiot,0,2026-02-24T02:44:26.944255667Z
,aiot,0,2026-02-24T02:49:27.067382829Z
,aiot,0,2026-02-24T02:54:26.989862309Z
,aiot,0,2026-02-24T02:59:27.02323205Z
,aiot,0,2026-02-24T03:04:26.950236006Z
,aiot,0,2026-02-24T03:09:26.973657192Z
,aiot,0,2026-02-24T03:14:27.029256231Z
,aiot,0,2026-02-24T03:19:27.040984064Z
,aiot,0,2026-02-24T03:24:27.090467473Z
,aiot,0,2026-02-24T03:29:26.99743061Z
,aiot,0,2026-02-24T03:34:27.152674643Z
,aiot,0,2026-02-24T03:39:27.077567615Z
,aiot,0,2026-02-24T03:44:27.096290256Z
,aiot,0,2026-02-24T03:49:27.139188456Z
,aiot,0,2026-02-24T03:54:27.054678897Z
,aiot,0,2026-02-24T03:59:27.096987168Z
,aiot,0,2026-02-24T04:04:27.118553271Z
,aiot,0,2026-02-24T04:09:27.163205608Z
,aiot,0,2026-02-24T04:14:27.180355137Z
,aiot,0,2026-02-24T04:19:27.209484835Z
,aiot,0,2026-02-24T04:24:27.134828058Z
,aiot,0,2026-02-24T04:29:27.288244544Z
,aiot,0,2026-02-24T04:34:27.198921346Z
,aiot,0,2026-02-24T04:44:27.50880863Z
,aiot,0,2026-02-24T04:49:27.491739726Z
,aiot,0,2026-02-24T04:54:27.489489575Z
,aiot,3,2026-02-24T04:59:27.610014475Z
,aiot,0,2026-02-24T05:04:27.573255634Z
,aiot,0,2026-02-24T05:09:27.604409544Z
,aiot,0,2026-02-24T05:14:27.651716762Z
,aiot,0,2026-02-24T05:19:27.59836256Z
,aiot,0,2026-02-24T05:24:27.609280458Z
,aiot,0,2026-02-24T05:29:27.661997362Z
,aiot,0,2026-02-24T05:34:27.789368831Z
,aiot,0,2026-02-24T05:39:27.709391318Z
,aiot,0,2026-02-24T05:44:27.638642089Z
,aiot,0,2026-02-24T05:49:27.759186195Z
,aiot,0,2026-02-24T05:54:27.796537932Z
,aiot,0,2026-02-24T05:59:27.735141429Z
,aiot,0,2026-02-24T06:04:27.950887384Z
,aiot,0,2026-02-24T06:09:27.78972091Z
,aiot,0,2026-02-24T06:14:27.836953436Z
,aiot,0,2026-02-24T06:19:27.749528562Z
,aiot,0,2026-02-24T06:24:27.777911192Z
,aiot,0,2026-02-24T06:29:27.811152404Z
,aiot,0,2026-02-24T06:34:27.847733036Z
,aiot,0,2026-02-24T06:39:27.897057527Z
,aiot,0,2026-02-24T06:44:27.80911673Z
,aiot,1,2026-02-24T06:49:27.815201193Z
,aiot,0,2026-02-24T06:54:27.876201687Z
,aiot,2,2026-02-24T06:59:27.875114162Z
,aiot,0,2026-02-24T07:04:27.809250874Z
,aiot,0,2026-02-24T07:14:28.106539624Z
,aiot,1,2026-02-24T07:19:28.148483797Z
,aiot,0,2026-02-24T07:24:28.153231486Z
,aiot,0,2026-02-24T07:29:28.275138437Z
,aiot,1,2026-02-24T07:34:28.146259545Z
,aiot,1,2026-02-24T07:39:28.351274578Z
,aiot,1,2026-02-24T07:44:28.259315318Z
,aiot,0,2026-02-24T07:49:28.297908926Z
,aiot,0,2026-02-24T07:54:28.340967405Z
,aiot,1,2026-02-24T07:59:28.26757465Z
,aiot,1,2026-02-24T08:04:28.28759934Z
,aiot,1,2026-02-24T08:09:28.429284856Z
,aiot,0,2026-02-24T08:14:28.367125831Z
,aiot,0,2026-02-24T08:19:28.271400271Z
,aiot,1,2026-02-24T08:24:28.323405996Z
,aiot,0,2026-02-24T08:29:28.363204141Z
,aiot,0,2026-02-24T08:34:28.38117861Z
,aiot,3,2026-02-24T08:39:28.419133449Z
,aiot,0,2026-02-24T08:44:28.331892866Z
,aiot,1,2026-02-24T08:49:28.397532405Z
,aiot,0,2026-02-24T08:54:28.422127563Z
,aiot,0,2026-02-24T08:59:28.439305741Z
,aiot,1,2026-02-24T09:04:28.358815541Z
,aiot,0,2026-02-24T09:09:28.49462538Z
,aiot,1,2026-02-24T09:14:28.431342542Z
,aiot,0,2026-02-24T09:19:28.571154824Z
,aiot,0,2026-02-24T09:24:28.409203455Z
,aiot,0,2026-02-24T09:29:28.71012216Z
,aiot,0,2026-02-24T09:34:28.443378032Z
,aiot,3,2026-02-24T09:44:28.920291201Z
,aiot,0,2026-02-24T09:49:28.872459396Z
,aiot,1,2026-02-24T09:54:28.862270628Z
,aiot,0,2026-02-24T09:59:29.127191548Z
,aiot,0,2026-02-24T10:04:28.946564753Z
,aiot,0,2026-02-24T10:09:28.858694492Z
,aiot,0,2026-02-24T10:14:28.909584235Z
,aiot,2,2026-02-24T10:19:29.032478933Z
,aiot,3,2026-02-24T10:24:28.951064628Z
,aiot,1,2026-02-24T10:29:28.991902644Z
,aiot,0,2026-02-24T10:34:29.035155841Z
,aiot,3,2026-02-24T10:39:29.051566726Z
,aiot,0,2026-02-24T10:44:28.976515487Z
,aiot,2,2026-02-24T10:49:29.007602176Z
,aiot,0,2026-02-24T10:54:29.149702012Z
,aiot,4,2026-02-24T10:59:28.977669892Z
,aiot,2,2026-02-24T11:04:29.096359483Z
,aiot,0,2026-02-24T11:09:29.13154149Z
,aiot,0,2026-02-24T11:14:29.072599732Z
,aiot,0,2026-02-24T11:19:29.108880409Z
,aiot,0,2026-02-24T11:24:29.120652636Z
,aiot,2,2026-02-24T11:29:29.173689999Z
,aiot,0,2026-02-24T11:34:29.205532165Z
,aiot,0,2026-02-24T11:39:29.233489228Z
,aiot,2,2026-02-24T11:44:29.156445611Z
,aiot,0,2026-02-24T11:49:29.169414287Z
,aiot,0,2026-02-24T11:54:29.21169628Z
,aiot,0,2026-02-24T11:59:29.241981322Z
,aiot,0,2026-02-24T12:04:29.171429268Z
,aiot,0,2026-02-24T12:14:29.759526793Z
,aiot,0,2026-02-24T12:19:29.698877665Z
,aiot,0,2026-02-24T12:24:29.722900051Z
,aiot,0,2026-02-24T12:29:29.631062579Z
,aiot,0,2026-02-24T12:34:29.753438525Z
,aiot,0,2026-02-24T12:39:29.691195666Z
,aiot,1,2026-02-24T12:44:29.71545923Z
,aiot,0,2026-02-24T12:49:29.669438288Z
,aiot,1,2026-02-24T12:54:29.682199335Z
,aiot,3,2026-02-24T12:59:29.732118164Z
,aiot,1,2026-02-24T13:04:29.743051663Z
,aiot,3,2026-02-24T13:09:29.772729438Z
,aiot,0,2026-02-24T13:14:29.703515948Z
,aiot,0,2026-02-24T13:19:29.731660538Z
,aiot,5,2026-02-24T13:24:29.775428832Z
,aiot,0,2026-02-24T13:29:29.797172989Z
,aiot,0,2026-02-24T13:34:29.816871936Z
,aiot,0,2026-02-24T13:39:29.748498189Z
,aiot,0,2026-02-24T13:44:29.886385431Z
,aiot,0,2026-02-24T13:49:29.807521318Z
,aiot,0,2026-02-24T13:54:29.847978922Z
,aiot,0,2026-02-24T13:59:29.887566Z
,aiot,1,2026-02-24T14:04:29.918748103Z
,aiot,1,2026-02-24T14:09:29.975516386Z
,aiot,1,2026-02-24T14:14:29.887893331Z
,aiot,0,2026-02-24T14:19:30.019609594Z
,aiot,2,2026-02-24T14:24:29.974238374Z
,aiot,5,2026-02-24T14:29:29.969639564Z
,aiot,0,2026-02-24T14:34:30.024239444Z
,aiot,1,2026-02-24T14:44:30.206031698Z
,aiot,0,2026-02-24T14:49:30.395267447Z
,aiot,0,2026-02-24T14:54:30.223240245Z
,aiot,0,2026-02-24T14:59:30.199789097Z
,aiot,2,2026-02-24T15:04:30.377091844Z
,aiot,0,2026-02-24T15:09:30.235985955Z
,aiot,0,2026-02-24T15:14:30.358170629Z
,aiot,0,2026-02-24T15:19:30.387323055Z
,aiot,0,2026-02-24T15:24:30.418260687Z
,aiot,0,2026-02-24T15:29:30.3470719Z
,aiot,0,2026-02-24T15:34:30.369378973Z
,aiot,1,2026-02-24T15:39:30.402776929Z
,aiot,0,2026-02-24T15:44:30.441075019Z
,aiot,0,2026-02-24T15:49:30.479918647Z
,aiot,0,2026-02-24T15:54:30.385304416Z
,aiot,0,2026-02-24T15:59:30.434636732Z
,aiot,0,2026-02-24T16:04:30.451102502Z
,aiot,0,2026-02-24T16:09:30.479405645Z
,aiot,0,2026-02-24T16:14:30.405525582Z
,aiot,0,2026-02-24T16:19:30.445392478Z
,aiot,1,2026-02-24T16:24:30.469197449Z
,aiot,0,2026-02-24T16:29:30.512183684Z
,aiot,0,2026-02-24T16:34:30.535788175Z
,aiot,0,2026-02-24T16:39:30.455279878Z
,aiot,0,2026-02-24T16:44:30.492081115Z
,aiot,0,2026-02-24T16:49:30.515140064Z
,aiot,0,2026-02-24T16:54:30.555075394Z
,aiot,0,2026-02-24T16:59:30.597324016Z
,aiot,3,2026-02-24T17:04:30.632682875Z
,aiot,0,2026-02-24T17:14:30.830540947Z
,aiot,0,2026-02-24T17:19:30.857354331Z
,aiot,0,2026-02-24T17:24:31.06066341Z
,aiot,0,2026-02-24T17:29:30.997966336Z
,aiot,0,2026-02-24T17:34:31.0191358Z
,aiot,0,2026-02-24T17:39:31.037143339Z
,aiot,0,2026-02-24T17:44:30.975800026Z
,aiot,0,2026-02-24T17:49:31.008402993Z
,aiot,0,2026-02-24T17:54:31.039216361Z
,aiot,0,2026-02-24T17:59:31.071095926Z
,aiot,0,2026-02-24T18:04:30.998579564Z
,aiot,0,2026-02-24T18:09:31.146645006Z
,aiot,0,2026-02-24T18:14:31.06601309Z
,aiot,0,2026-02-24T18:19:31.087508874Z
,aiot,0,2026-02-24T18:24:31.128721505Z
,aiot,0,2026-02-24T18:29:31.040132412Z
,aiot,0,2026-02-24T18:34:31.090470441Z
,aiot,0,2026-02-24T18:39:31.125423906Z
,aiot,0,2026-02-24T18:44:31.17564062Z
,aiot,0,2026-02-24T18:49:31.170721099Z
,aiot,0,2026-02-24T18:54:31.209361033Z
,aiot,0,2026-02-24T18:59:31.131520813Z
,aiot,0,2026-02-24T19:04:31.155635544Z
,aiot,0,2026-02-24T19:09:31.211554555Z
,aiot,0,2026-02-24T19:14:31.227335789Z
,aiot,0,2026-02-24T19:19:31.182244535Z
,aiot,0,2026-02-24T19:24:31.177611009Z
,aiot,0,2026-02-24T19:29:31.213325211Z
,aiot,0,2026-02-24T19:34:31.247913496Z
,aiot,0,2026-02-24T19:44:31.619694282Z
,aiot,0,2026-02-24T19:49:31.64687953Z
,aiot,0,2026-02-24T19:54:31.687395641Z
,aiot,0,2026-02-24T19:59:31.727439078Z
,aiot,0,2026-02-24T20:04:31.637956658Z
,aiot,0,2026-02-24T20:09:31.780328245Z
,aiot,0,2026-02-24T20:14:31.706804979Z
,aiot,0,2026-02-24T20:19:31.717975061Z
,aiot,0,2026-02-24T20:24:31.652499012Z
,aiot,0,2026-02-24T20:29:31.697196397Z
,aiot,0,2026-02-24T20:34:31.707179633Z
,aiot,0,2026-02-24T20:39:31.764086443Z
,aiot,0,2026-02-24T20:44:31.788221686Z
,aiot,0,2026-02-24T20:49:31.720772317Z
,aiot,0,2026-02-24T20:54:31.755348699Z
,aiot,0,2026-02-24T20:59:31.787005648Z
,aiot,0,2026-02-24T21:04:31.810335163Z
,aiot,0,2026-02-24T21:09:31.72537801Z
,aiot,0,2026-02-24T21:14:31.890496638Z
,aiot,0,2026-02-24T21:19:31.787243189Z
,aiot,0,2026-02-24T21:24:31.835227161Z
,aiot,0,2026-02-24T21:29:31.85940233Z
,aiot,0,2026-02-24T21:34:31.890572474Z
,aiot,0,2026-02-24T21:39:31.932608906Z
,aiot,0,2026-02-24T21:44:31.97448327Z
,aiot,0,2026-02-24T21:49:31.891709796Z
,aiot,0,2026-02-24T21:54:31.92183678Z
,aiot,0,2026-02-24T21:59:31.953268749Z
,aiot,0,2026-02-24T22:04:31.890035962Z
,aiot,0,2026-02-24T22:14:32.338585851Z
,aiot,0,2026-02-24T22:19:32.366662054Z
,aiot,0,2026-02-24T22:24:32.397515377Z
,aiot,0,2026-02-24T22:29:32.326798764Z
,aiot,0,2026-02-24T22:34:32.367763625Z
,aiot,0,2026-02-24T22:39:32.396343574Z
,aiot,0,2026-02-24T22:44:32.427706878Z
,aiot,0,2026-02-24T22:49:32.357597563Z
,aiot,0,2026-02-24T22:54:32.387418044Z
,aiot,0,2026-02-24T22:59:32.406889184Z
,aiot,0,2026-02-24T23:04:32.445698104Z
,aiot,0,2026-02-24T23:09:32.477085475Z
,aiot,0,2026-02-24T23:14:32.52636573Z
,aiot,0,2026-02-24T23:19:32.43863414Z
,aiot,0,2026-02-24T23:24:32.46889849Z
,aiot,0,2026-02-24T23:29:32.508781245Z
,aiot,0,2026-02-24T23:34:32.429629057Z
,aiot,0,2026-02-24T23:39:32.449093888Z
,aiot,0,2026-02-24T23:44:32.497307582Z
,aiot,0,2026-02-24T23:49:32.418159873Z
,aiot,0,2026-02-24T23:54:32.55722888Z
,aiot,0,2026-02-24T23:59:32.476485844Z
,aiot,0,2026-02-25T00:04:32.517054296Z
,aiot,0,2026-02-25T00:09:32.546287824Z
,aiot,0,2026-02-25T00:14:32.577722333Z
,aiot,0,2026-02-25T00:19:32.498334712Z
,aiot,0,2026-02-25T00:24:32.527355179Z
,aiot,0,2026-02-25T00:29:32.651975211Z
,aiot,0,2026-02-25T00:34:32.598281582Z
,aiot,0,2026-02-25T00:44:32.859313586Z
,aiot,0,2026-02-25T00:49:32.847238889Z
,aiot,0,2026-02-25T00:54:32.847325471Z
,aiot,0,2026-02-25T00:59:33.067186079Z
,aiot,0,2026-02-25T01:04:32.987125307Z
,aiot,0,2026-02-25T01:09:32.949002049Z
,aiot,0,2026-02-25T01:14:33.048829228Z
,aiot,0,2026-02-25T01:19:32.996990344Z
,aiot,0,2026-02-25T01:24:33.006609859Z
,aiot,0,2026-02-25T01:29:33.040013848Z
,aiot,0,2026-02-25T01:34:33.057027104Z
,aiot,0,2026-02-25T01:39:33.111334936Z
,aiot,0,2026-02-25T01:44:33.14681358Z
,aiot,0,2026-02-25T01:49:33.067373046Z
,aiot,0,2026-02-25T01:54:32.997549056Z
,aiot,0,2026-02-25T01:59:33.127142948Z
,aiot,0,2026-02-25T02:04:33.037728214Z
,aiot,0,2026-02-25T02:09:33.086840807Z
,aiot,0,2026-02-25T02:14:33.127253987Z
,aiot,0,2026-02-25T02:19:33.154604949Z
,aiot,0,2026-02-25T02:24:33.087292728Z
,aiot,0,2026-02-25T02:29:33.107469807Z
,aiot,0,2026-02-25T02:34:33.156923959Z
,aiot,0,2026-02-25T02:39:33.167105859Z
,aiot,0,2026-02-25T02:44:33.217390768Z
,aiot,0,2026-02-25T02:49:33.247918402Z
,aiot,0,2026-02-25T02:54:33.158566921Z
,aiot,0,2026-02-25T02:59:33.186118996Z
,aiot,0,2026-02-25T03:04:33.228984239Z
,aiot,0,2026-02-25T03:14:33.696529921Z
,aiot,0,2026-02-25T03:19:33.627552545Z
,aiot,0,2026-02-25T03:24:33.647138958Z
,aiot,0,2026-02-25T03:29:33.688909239Z
,aiot,0,2026-02-25T03:34:33.728965694Z
,aiot,0,2026-02-25T03:39:33.629000383Z
,aiot,0,2026-02-25T03:44:33.77780744Z
,aiot,0,2026-02-25T03:49:33.722013475Z
,aiot,0,2026-02-25T03:54:33.726363406Z
,aiot,0,2026-02-25T03:59:33.767189437Z
,aiot,0,2026-02-25T04:04:33.686902191Z
,aiot,0,2026-02-25T04:09:33.72820064Z
,aiot,0,2026-02-25T04:14:33.757263099Z
,aiot,0,2026-02-25T04:19:33.668089684Z
,aiot,0,2026-02-25T04:24:33.716591444Z
,aiot,0,2026-02-25T04:29:33.745841023Z
,aiot,0,2026-02-25T04:34:33.776495509Z
,aiot,0,2026-02-25T04:39:33.807050513Z
,aiot,0,2026-02-25T04:44:33.83695134Z
,aiot,0,2026-02-25T04:49:33.859179513Z
,aiot,0,2026-02-25T04:54:33.806180795Z
,aiot,0,2026-02-25T04:59:33.830018341Z
,aiot,0,2026-02-25T05:04:33.867238658Z
,aiot,0,2026-02-25T05:09:33.787788191Z
,aiot,0,2026-02-25T05:14:33.928682814Z
,aiot,0,2026-02-25T05:19:33.847242349Z
,aiot,0,2026-02-25T05:24:33.893371176Z
,aiot,0,2026-02-25T05:29:33.917210263Z
,aiot,0,2026-02-25T05:34:33.97541993Z
,aiot,0,2026-02-25T05:44:34.133233416Z
,aiot,0,2026-02-25T05:49:34.135347207Z
,aiot,0,2026-02-25T05:54:34.125802677Z
,aiot,0,2026-02-25T05:59:34.126376109Z
,aiot,0,2026-02-25T06:04:34.349180634Z
,aiot,0,2026-02-25T06:09:34.267363262Z
,aiot,0,2026-02-25T06:14:34.287172935Z
,aiot,0,2026-02-25T06:19:34.327719413Z
,aiot,0,2026-02-25T06:24:34.249215731Z
,aiot,0,2026-02-25T06:29:34.286586683Z
,aiot,0,2026-02-25T06:34:34.427638865Z
,aiot,0,2026-02-25T06:39:34.236027356Z
,aiot,0,2026-02-25T06:44:34.488861129Z
,aiot,8,2026-02-25T06:49:34.30832747Z
,aiot,3,2026-02-25T06:54:34.346498205Z
,aiot,1,2026-02-25T06:59:34.257246284Z
,aiot,1,2026-02-25T07:04:34.298819519Z
,aiot,1,2026-02-25T07:09:34.337989248Z
,aiot,3,2026-02-25T07:14:34.34543676Z
,aiot,1,2026-02-25T07:19:34.374307348Z
,aiot,1,2026-02-25T07:24:34.311958782Z
,aiot,0,2026-02-25T07:29:34.333496944Z
,aiot,0,2026-02-25T07:34:34.366060948Z
,aiot,0,2026-02-25T07:39:34.408375739Z
,aiot,0,2026-02-25T07:44:34.430254945Z
,aiot,0,2026-02-25T07:49:34.454617025Z
,aiot,2,2026-02-25T07:54:34.39463238Z
,aiot,1,2026-02-25T07:59:34.447946423Z
,aiot,2,2026-02-25T08:04:34.453952922Z
,aiot,0,2026-02-25T08:14:34.84767149Z
,aiot,0,2026-02-25T08:19:34.831997618Z
,aiot,0,2026-02-25T08:24:34.831677386Z
,aiot,0,2026-02-25T08:29:34.846351329Z
,aiot,0,2026-02-25T08:34:34.797467255Z
,aiot,0,2026-02-25T08:39:35.030763926Z
,aiot,0,2026-02-25T08:44:35.026019227Z
,aiot,0,2026-02-25T08:49:34.93751846Z
,aiot,1,2026-02-25T08:54:34.977317067Z
,aiot,1,2026-02-25T08:59:34.997249753Z
,aiot,1,2026-02-25T09:04:35.042567837Z
,aiot,0,2026-02-25T09:09:35.082436966Z
,aiot,0,2026-02-25T09:14:35.089401306Z
,aiot,2,2026-02-25T09:19:35.019768172Z
,aiot,6,2026-02-25T09:24:35.174268767Z
,aiot,0,2026-02-25T09:29:35.08760533Z
,aiot,0,2026-02-25T09:34:35.127594451Z
,aiot,0,2026-02-25T09:39:35.037439707Z
,aiot,0,2026-02-25T09:44:35.080436164Z
,aiot,0,2026-02-25T09:49:35.132973263Z
,aiot,0,2026-02-25T09:54:35.155253599Z
,aiot,0,2026-02-25T09:59:35.086803079Z
,aiot,3,2026-02-25T10:04:35.235112692Z
,aiot,0,2026-02-25T10:09:35.158816722Z
,aiot,1,2026-02-25T10:14:35.166869739Z
,aiot,6,2026-02-25T10:19:35.328579905Z
,aiot,2,2026-02-25T10:24:35.255474106Z
,aiot,2,2026-02-25T10:29:35.166118899Z
,aiot,2,2026-02-25T10:34:35.208247762Z
,aiot,2,2026-02-25T10:44:35.505888625Z
,aiot,0,2026-02-25T10:49:35.48684342Z
,aiot,0,2026-02-25T10:54:35.638205556Z
,aiot,1,2026-02-25T10:59:35.50911478Z
,aiot,3,2026-02-25T11:04:35.510091Z
,aiot,5,2026-02-25T11:09:35.508249019Z
,aiot,1,2026-02-25T11:14:35.508843539Z
,aiot,2,2026-02-25T11:19:35.592547348Z
,aiot,3,2026-02-25T11:24:35.629581448Z
,aiot,0,2026-02-25T11:29:35.636747668Z
,aiot,1,2026-02-25T11:34:35.666616863Z
,aiot,0,2026-02-25T11:39:35.706326695Z
,aiot,0,2026-02-25T11:44:35.727239363Z
,aiot,3,2026-02-25T11:49:35.776109967Z
,aiot,3,2026-02-25T11:54:35.807262184Z
,aiot,2,2026-02-25T11:59:35.737121763Z
,aiot,1,2026-02-25T12:04:35.767844482Z
,aiot,3,2026-02-25T12:09:35.771338353Z
,aiot,1,2026-02-25T12:14:35.804093851Z
,aiot,0,2026-02-25T12:19:35.738187335Z
,aiot,0,2026-02-25T12:24:35.785030087Z
,aiot,0,2026-02-25T12:29:35.917019162Z
,aiot,3,2026-02-25T12:34:35.940072979Z
,aiot,2,2026-02-25T12:39:35.853225244Z
,aiot,0,2026-02-25T12:44:35.882498358Z
,aiot,0,2026-02-25T12:49:35.81750214Z
,aiot,0,2026-02-25T12:54:35.85002418Z
,aiot,0,2026-02-25T12:59:35.878596317Z
,aiot,1,2026-02-25T13:04:35.913602611Z
,aiot,2,2026-02-25T13:14:36.307108708Z
,aiot,0,2026-02-25T13:19:36.323098239Z
,aiot,1,2026-02-25T13:24:36.322635447Z
,aiot,3,2026-02-25T13:29:36.320115913Z
,aiot,2,2026-02-25T13:34:36.456253254Z
,aiot,1,2026-02-25T13:39:36.437933889Z
,aiot,0,2026-02-25T13:44:36.465286565Z
,aiot,1,2026-02-25T13:49:36.518122082Z
,aiot,0,2026-02-25T13:54:36.527653704Z
,aiot,1,2026-02-25T13:59:36.457657202Z
,aiot,0,2026-02-25T14:04:36.498209374Z
,aiot,0,2026-02-25T14:09:36.528796498Z
,aiot,0,2026-02-25T14:14:36.676460946Z
,aiot,0,2026-02-25T14:19:36.611000942Z
,aiot,0,2026-02-25T14:24:36.526586894Z
,aiot,0,2026-02-25T14:29:36.54307781Z
,aiot,0,2026-02-25T14:34:36.571117352Z
,aiot,0,2026-02-25T14:39:36.597769018Z
,aiot,0,2026-02-25T14:44:36.536285594Z
,aiot,1,2026-02-25T14:49:36.686106679Z
,aiot,0,2026-02-25T14:54:36.594346375Z
,aiot,0,2026-02-25T14:59:36.628823863Z
,aiot,0,2026-02-25T15:04:36.674732174Z
,aiot,0,2026-02-25T15:09:36.718321322Z
,aiot,0,2026-02-25T15:14:36.640092501Z
,aiot,0,2026-02-25T15:19:36.645772769Z
,aiot,0,2026-02-25T15:24:36.698915981Z
,aiot,0,2026-02-25T15:29:36.711911347Z
,aiot,0,2026-02-25T15:34:36.777805Z
,aiot,0,2026-02-25T15:44:37.228038207Z
,aiot,0,2026-02-25T15:49:37.167721719Z
,aiot,0,2026-02-25T15:54:37.192546995Z
,aiot,0,2026-02-25T15:59:37.217957646Z
,aiot,0,2026-02-25T16:04:37.156455218Z
,aiot,0,2026-02-25T16:09:37.095484535Z
,aiot,0,2026-02-25T16:14:37.084106331Z
,aiot,2,2026-02-25T16:19:37.24460008Z
,aiot,0,2026-02-25T16:24:37.273836863Z
,aiot,0,2026-02-25T16:29:37.28773644Z
,aiot,0,2026-02-25T16:34:37.227118423Z
,aiot,0,2026-02-25T16:39:37.146196375Z
,aiot,0,2026-02-25T16:44:37.272523632Z
,aiot,0,2026-02-25T16:49:37.216572377Z
,aiot,0,2026-02-25T16:54:37.247112268Z
,aiot,0,2026-02-25T16:59:37.276647502Z
,aiot,0,2026-02-25T17:04:37.326928282Z
,aiot,0,2026-02-25T17:09:37.345426692Z
,aiot,1,2026-02-25T17:14:37.366359414Z
,aiot,0,2026-02-25T17:19:37.300466915Z
,aiot,2,2026-02-25T17:24:37.447568465Z
,aiot,0,2026-02-25T17:29:37.466117005Z
,aiot,0,2026-02-25T17:34:37.395823158Z
,aiot,0,2026-02-25T17:39:37.416831239Z
,aiot,0,2026-02-25T17:44:37.466588661Z
,aiot,0,2026-02-25T17:49:37.387379405Z
,aiot,0,2026-02-25T17:54:37.427332973Z
,aiot,0,2026-02-25T17:59:37.448862219Z
,aiot,0,2026-02-25T18:04:37.367357475Z
,aiot,0,2026-02-25T18:14:37.968221964Z
,aiot,0,2026-02-25T18:19:37.774681112Z
,aiot,0,2026-02-25T18:24:37.906979037Z
,aiot,0,2026-02-25T18:29:37.947472016Z
,aiot,0,2026-02-25T18:34:37.876451861Z
,aiot,0,2026-02-25T18:39:37.894617163Z
,aiot,0,2026-02-25T18:44:38.054607922Z
,aiot,0,2026-02-25T18:49:37.989303686Z
,aiot,0,2026-02-25T18:54:37.996993567Z
,aiot,0,2026-02-25T18:59:38.026084092Z
,aiot,0,2026-02-25T19:04:37.957244287Z
,aiot,0,2026-02-25T19:09:37.987670337Z
,aiot,0,2026-02-25T19:14:38.019430177Z
,aiot,0,2026-02-25T19:19:37.948133391Z
,aiot,0,2026-02-25T19:24:37.993781401Z
,aiot,0,2026-02-25T19:29:38.126693352Z
,aiot,0,2026-02-25T19:34:38.037767477Z
,aiot,0,2026-02-25T19:39:38.069454446Z
,aiot,0,2026-02-25T19:44:38.097358316Z
,aiot,0,2026-02-25T19:49:38.026676713Z
,aiot,0,2026-02-25T19:54:38.047030354Z
,aiot,0,2026-02-25T19:59:38.094683847Z
,aiot,0,2026-02-25T20:04:38.009292168Z
,aiot,0,2026-02-25T20:09:38.146164766Z
,aiot,0,2026-02-25T20:14:38.187137738Z
,aiot,0,2026-02-25T20:19:38.107593863Z
,aiot,0,2026-02-25T20:24:38.127426839Z
,aiot,0,2026-02-25T20:29:38.178210407Z
,aiot,0,2026-02-25T20:34:38.099788343Z
,aiot,0,2026-02-25T20:44:38.576513544Z
,aiot,0,2026-02-25T20:49:38.500944084Z
,aiot,0,2026-02-25T20:54:38.538304057Z
,aiot,0,2026-02-25T20:59:38.566101111Z
,aiot,0,2026-02-25T21:04:38.610023542Z
,aiot,0,2026-02-25T21:09:38.530345944Z
,aiot,0,2026-02-25T21:14:38.557028164Z
,aiot,0,2026-02-25T21:19:38.586216616Z
,aiot,0,2026-02-25T21:24:38.517797832Z
,aiot,0,2026-02-25T21:29:38.566180062Z
,aiot,0,2026-02-25T21:34:38.57622076Z
,aiot,0,2026-02-25T21:39:38.614752328Z
,aiot,0,2026-02-25T21:44:38.528931578Z
,aiot,0,2026-02-25T21:49:38.666729437Z
,aiot,0,2026-02-25T21:54:38.600454535Z
,aiot,0,2026-02-25T21:59:38.627097778Z
,aiot,0,2026-02-25T22:04:38.659114698Z
,aiot,0,2026-02-25T22:09:38.686529045Z
,aiot,0,2026-02-25T22:14:38.717364702Z
,aiot,0,2026-02-25T22:19:38.738086475Z
,aiot,0,2026-02-25T22:24:38.698054316Z
,aiot,0,2026-02-25T22:29:38.820788599Z
,aiot,0,2026-02-25T22:34:38.747397845Z
,aiot,0,2026-02-25T22:39:38.755268201Z
,aiot,0,2026-02-25T22:44:38.806634487Z
,aiot,0,2026-02-25T22:49:38.719139775Z
,aiot,0,2026-02-25T22:54:38.776004611Z
,aiot,0,2026-02-25T22:59:38.797430916Z
,aiot,0,2026-02-25T23:04:38.847963212Z
,aiot,0,2026-02-25T23:14:39.116827954Z
,aiot,0,2026-02-25T23:19:39.118162537Z
,aiot,0,2026-02-25T23:24:39.247313718Z
,aiot,0,2026-02-25T23:29:39.287417865Z
,aiot,0,2026-02-25T23:34:38.99710159Z
,aiot,0,2026-02-25T23:39:39.13511435Z
,aiot,0,2026-02-25T23:44:39.268489072Z
,aiot,0,2026-02-25T23:49:39.106894384Z
,aiot,0,2026-02-25T23:54:39.171629724Z
,aiot,0,2026-02-25T23:59:39.277208496Z
,aiot,0,2026-02-26T00:04:39.307757594Z
,aiot,0,2026-02-26T00:09:39.238981921Z
,aiot,0,2026-02-26T00:14:39.369251564Z
,aiot,0,2026-02-26T00:19:39.278708797Z
,aiot,0,2026-02-26T00:24:39.326966782Z
,aiot,0,2026-02-26T00:29:39.357519022Z
,aiot,0,2026-02-26T00:34:39.407789981Z
,aiot,0,2026-02-26T00:39:39.318231409Z
,aiot,0,2026-02-26T00:44:39.338323809Z
,aiot,0,2026-02-26T00:49:39.358637408Z
,aiot,0,2026-02-26T00:54:39.408192961Z
,aiot,0,2026-02-26T00:59:39.437040617Z
,aiot,0,2026-02-26T01:04:39.467618487Z
,aiot,0,2026-02-26T01:09:39.406839316Z
,aiot,0,2026-02-26T01:14:39.52846293Z
,aiot,0,2026-02-26T01:19:39.457106771Z
,aiot,0,2026-02-26T01:24:39.487194749Z
,aiot,0,2026-02-26T01:29:39.534395687Z
,aiot,0,2026-02-26T01:34:39.567287419Z
,aiot,0,2026-02-26T01:44:39.738101296Z
,aiot,0,2026-02-26T01:49:39.966388307Z
,aiot,0,2026-02-26T01:54:39.890968391Z
,aiot,0,2026-02-26T01:59:39.924771363Z
,aiot,0,2026-02-26T02:04:39.947823024Z
,aiot,0,2026-02-26T02:09:39.875724305Z
,aiot,0,2026-02-26T02:14:39.91767858Z
,aiot,0,2026-02-26T02:19:39.9184631Z
,aiot,0,2026-02-26T02:24:39.966735162Z
,aiot,0,2026-02-26T02:29:40.005814853Z
,aiot,0,2026-02-26T02:34:40.047082621Z
,aiot,0,2026-02-26T02:39:39.964450612Z
,aiot,0,2026-02-26T02:44:39.979046473Z
,aiot,0,2026-02-26T02:49:40.016623722Z
,aiot,0,2026-02-26T02:54:39.946507322Z
,aiot,0,2026-02-26T02:59:39.966875435Z
,aiot,0,2026-02-26T03:04:40.006624233Z
,aiot,0,2026-02-26T03:09:39.927075153Z
,aiot,0,2026-02-26T03:14:40.06902746Z
,aiot,0,2026-02-26T03:19:40.097944894Z
,aiot,0,2026-02-26T03:24:40.046852485Z
,aiot,0,2026-02-26T03:29:40.047344533Z
,aiot,0,2026-02-26T03:34:40.097714382Z
,aiot,0,2026-02-26T03:39:40.007167241Z
,aiot,0,2026-02-26T03:44:40.054939655Z
,aiot,0,2026-02-26T03:49:40.195325187Z
,aiot,0,2026-02-26T03:54:40.125945269Z
,aiot,0,2026-02-26T03:59:40.147803579Z
,aiot,0,2026-02-26T04:04:40.186003342Z
,aiot,0,2026-02-26T04:14:40.457228025Z
,aiot,0,2026-02-26T04:19:40.567173254Z
,aiot,0,2026-02-26T04:24:40.615505376Z
,aiot,0,2026-02-26T04:29:40.464972585Z
,aiot,0,2026-02-26T04:34:40.557257734Z
,aiot,0,2026-02-26T04:39:40.596568416Z
,aiot,0,2026-02-26T04:44:40.747314402Z
,aiot,0,2026-02-26T04:49:40.671527707Z
,aiot,0,2026-02-26T04:54:40.677230158Z
,aiot,0,2026-02-26T04:59:40.727670037Z
,aiot,0,2026-02-26T05:04:40.777946329Z
,aiot,0,2026-02-26T05:09:40.689570983Z
,aiot,0,2026-02-26T05:14:40.717170173Z
,aiot,0,2026-02-26T05:19:40.748987863Z
,aiot,0,2026-02-26T05:24:40.675791549Z
,aiot,0,2026-02-26T05:29:40.707099225Z
,aiot,0,2026-02-26T05:34:40.854173339Z
,aiot,0,2026-02-26T05:39:40.774970513Z
,aiot,0,2026-02-26T05:44:40.79582581Z
,aiot,0,2026-02-26T05:49:40.83380836Z
,aiot,0,2026-02-26T05:54:40.747167453Z
,aiot,0,2026-02-26T05:59:40.895754756Z
,aiot,2,2026-02-26T06:04:40.827827135Z
,aiot,0,2026-02-26T06:09:40.845424029Z
,aiot,0,2026-02-26T06:14:40.885445789Z
,aiot,0,2026-02-26T06:19:40.907279851Z
,aiot,0,2026-02-26T06:24:40.845518444Z
,aiot,0,2026-02-26T06:29:40.877763655Z
,aiot,0,2026-02-26T06:34:40.896027672Z
,aiot,1,2026-02-26T06:44:41.265000619Z
,aiot,0,2026-02-26T06:49:41.328360445Z
,aiot,0,2026-02-26T06:54:41.2270024Z
,aiot,0,2026-02-26T06:59:41.247268341Z
,aiot,3,2026-02-26T07:04:41.297693409Z
,aiot,0,2026-02-26T07:09:41.225199997Z
,aiot,0,2026-02-26T07:14:41.2482546Z
,aiot,1,2026-02-26T07:19:41.386722421Z
,aiot,1,2026-02-26T07:24:41.322514975Z
,aiot,0,2026-02-26T07:29:41.358328864Z
,aiot,2,2026-02-26T07:34:41.357026554Z
,aiot,0,2026-02-26T07:39:41.323052283Z
,aiot,1,2026-02-26T07:44:41.364670661Z
,aiot,0,2026-02-26T07:49:41.367099893Z
,aiot,0,2026-02-26T07:54:41.296616828Z
,aiot,1,2026-02-26T07:59:41.337477961Z
,aiot,2,2026-02-26T08:04:41.67633297Z
,aiot,0,2026-02-26T08:09:41.394016524Z
,aiot,0,2026-02-26T08:14:46.859442857Z
,aiot,0,2026-02-26T08:20:16.22791053Z
,aiot,0,2026-02-26T08:25:12.539477351Z
,aiot,0,2026-02-26T08:30:12.539770251Z
,aiot,2,2026-02-26T08:35:12.562120586Z
,aiot,0,2026-02-26T08:40:12.608853206Z
,aiot,0,2026-02-26T08:45:12.639699489Z
,aiot,0,2026-02-26T08:50:13.996841885Z
,aiot,0,2026-02-26T08:55:12.608867894Z
,aiot,0,2026-02-26T09:00:12.628637053Z
,aiot,0,2026-02-26T09:05:12.703124086Z
,aiot,7,2026-02-26T09:15:12.936284099Z
,aiot,1,2026-02-26T09:20:13.385505302Z
,aiot,0,2026-02-26T09:25:30.154183282Z
,aiot,2,2026-02-26T09:30:19.806548267Z
,aiot,1,2026-02-26T09:35:19.72744983Z
,aiot,0,2026-02-26T09:40:29.165157598Z
,aiot,0,2026-02-26T09:45:19.755517383Z
,aiot,0,2026-02-26T09:50:19.622877995Z
,aiot,2,2026-02-26T09:55:19.902139534Z
,aiot,0,2026-02-26T10:00:19.757042592Z
,aiot,1,2026-02-26T10:05:19.809934552Z
,aiot,1,2026-02-26T10:10:19.839836528Z
,aiot,3,2026-02-26T10:15:19.865854906Z
,aiot,0,2026-02-26T10:20:19.886888341Z
,aiot,2,2026-02-26T10:25:22.367301761Z
,aiot,2,2026-02-26T10:30:19.827746789Z
,aiot,0,2026-02-26T10:35:19.919952477Z
,aiot,0,2026-02-26T10:40:19.926894881Z
,aiot,2,2026-02-26T10:45:19.96771773Z
,aiot,1,2026-02-26T10:50:19.927124613Z
,aiot,2,2026-02-26T10:55:19.926978778Z
,aiot,0,2026-02-26T11:00:19.967707813Z
,aiot,0,2026-02-26T11:05:19.878337199Z
,aiot,0,2026-02-26T11:10:19.98501978Z
,aiot,2,2026-02-26T11:15:19.942407328Z
,aiot,0,2026-02-26T11:20:20.035989642Z
,aiot,0,2026-02-26T11:25:19.996969191Z
,aiot,1,2026-02-26T11:30:21.442773751Z
,aiot,4,2026-02-26T11:35:20.038820623Z
,aiot,1,2026-02-26T11:45:20.262144702Z
,aiot,4,2026-02-26T11:50:20.286845512Z
,aiot,0,2026-02-26T11:55:20.269369417Z
,aiot,0,2026-02-26T12:00:20.402088742Z
,aiot,2,2026-02-26T12:05:20.439093076Z
,aiot,1,2026-02-26T12:10:20.476530061Z
,aiot,0,2026-02-26T12:15:20.389158898Z
,aiot,1,2026-02-26T12:20:20.417878124Z
,aiot,1,2026-02-26T12:25:20.449479193Z
,aiot,1,2026-02-26T12:30:20.483889897Z
,aiot,0,2026-02-26T12:35:20.427471144Z
,aiot,1,2026-02-26T12:40:20.526827814Z
,aiot,0,2026-02-26T12:45:20.498202906Z
,aiot,0,2026-02-26T12:50:20.485869085Z
,aiot,0,2026-02-26T12:55:20.417209403Z
,aiot,3,2026-02-26T13:00:20.550622832Z
,aiot,1,2026-02-26T13:05:20.478265851Z
,aiot,1,2026-02-26T13:10:20.518757907Z
,aiot,0,2026-02-26T13:15:20.536858392Z
,aiot,0,2026-02-26T13:20:20.580877892Z
,aiot,0,2026-02-26T13:25:20.500387974Z
,aiot,0,2026-02-26T13:30:20.545894324Z
,aiot,0,2026-02-26T13:35:20.566873322Z
,aiot,1,2026-02-26T13:40:20.595188095Z
,aiot,1,2026-02-26T13:45:20.519141578Z
,aiot,0,2026-02-26T13:50:20.553642985Z
,aiot,1,2026-02-26T13:55:20.608532433Z
,aiot,3,2026-02-26T14:00:20.618519226Z
,aiot,1,2026-02-26T14:05:20.657064088Z
,aiot,7,2026-02-26T14:15:20.9273376Z
,aiot,0,2026-02-26T14:20:21.089145408Z
,aiot,1,2026-02-26T14:25:20.987403335Z
,aiot,4,2026-02-26T14:30:21.040145977Z
,aiot,0,2026-02-26T14:35:21.057018892Z
,aiot,3,2026-02-26T14:40:21.08698148Z
,aiot,1,2026-02-26T14:45:21.03554412Z
,aiot,0,2026-02-26T14:50:21.168174556Z
,aiot,0,2026-02-26T14:55:21.079182113Z
,aiot,2,2026-02-26T15:00:21.111928214Z
,aiot,1,2026-02-26T15:05:21.037268244Z
,aiot,0,2026-02-26T15:10:21.062666181Z
,aiot,0,2026-02-26T15:15:20.90693925Z
,aiot,0,2026-02-26T15:20:21.112377594Z
,aiot,0,2026-02-26T15:25:21.048995448Z
,aiot,2,2026-02-26T15:30:21.079136062Z
,aiot,0,2026-02-26T15:35:21.010845342Z
,aiot,0,2026-02-26T15:40:21.16331794Z
,aiot,0,2026-02-26T15:45:21.174852036Z
,aiot,0,2026-02-26T15:50:21.327326882Z
,aiot,0,2026-02-26T15:55:21.026398557Z
,aiot,0,2026-02-26T16:00:21.168292164Z
,aiot,1,2026-02-26T16:05:21.307663757Z
,aiot,0,2026-02-26T16:10:21.23847787Z
,aiot,0,2026-02-26T16:15:21.279799613Z
,aiot,0,2026-02-26T16:20:21.296210202Z
,aiot,2,2026-02-26T16:25:21.326559136Z
,aiot,0,2026-02-26T16:30:21.356595466Z
,aiot,0,2026-02-26T16:35:21.395337812Z
,aiot,0,2026-02-26T16:45:21.657258676Z
,aiot,0,2026-02-26T16:50:21.567443515Z
,aiot,0,2026-02-26T16:55:21.646564528Z
,aiot,0,2026-02-26T17:00:21.854858953Z
,aiot,0,2026-02-26T17:05:21.768454534Z
,aiot,0,2026-02-26T17:10:21.807833156Z
,aiot,0,2026-02-26T17:15:21.848714678Z
,aiot,2,2026-02-26T17:20:21.752537393Z
,aiot,0,2026-02-26T17:25:21.805723035Z
,aiot,0,2026-02-26T17:30:21.837081405Z
,aiot,0,2026-02-26T17:35:21.857359972Z
,aiot,0,2026-02-26T17:40:21.787503013Z
,aiot,0,2026-02-26T17:45:21.928097659Z
,aiot,0,2026-02-26T17:50:21.969811549Z
,aiot,2,2026-02-26T17:55:21.89735273Z
,aiot,0,2026-02-26T18:00:21.919135255Z
,aiot,2,2026-02-26T18:05:21.94987974Z
,aiot,0,2026-02-26T18:10:21.880325792Z
,aiot,0,2026-02-26T18:15:21.903044686Z
,aiot,1,2026-02-26T18:20:21.95024376Z
,aiot,0,2026-02-26T18:25:21.868282261Z
,aiot,0,2026-02-26T18:30:21.923503257Z
,aiot,0,2026-02-26T18:35:22.03036903Z
,aiot,0,2026-02-26T18:40:21.976713377Z
,aiot,0,2026-02-26T18:45:21.990481486Z
,aiot,0,2026-02-26T18:50:22.027552966Z
,aiot,0,2026-02-26T18:55:21.954786034Z
,aiot,0,2026-02-26T19:00:21.972950415Z
,aiot,0,2026-02-26T19:05:22.13620095Z
,aiot,0,2026-02-26T19:15:22.290773292Z
,aiot,0,2026-02-26T19:20:22.408245775Z
,aiot,0,2026-02-26T19:25:22.448605407Z
,aiot,0,2026-02-26T19:30:22.289868566Z
,aiot,0,2026-02-26T19:35:22.389528824Z
,aiot,0,2026-02-26T19:40:22.318635293Z
,aiot,0,2026-02-26T19:45:22.297572748Z
,aiot,0,2026-02-26T19:50:22.478327263Z
,aiot,0,2026-02-26T19:55:22.420778661Z
,aiot,0,2026-02-26T20:00:22.449842489Z
,aiot,0,2026-02-26T20:05:22.471444337Z
,aiot,0,2026-02-26T20:10:22.399926216Z
,aiot,0,2026-02-26T20:15:22.461574822Z
,aiot,0,2026-02-26T20:20:22.456042702Z
,aiot,0,2026-02-26T20:25:22.506783958Z
,aiot,0,2026-02-26T20:30:22.437177403Z
,aiot,0,2026-02-26T20:35:22.568483386Z
,aiot,0,2026-02-26T20:40:22.489121411Z
,aiot,0,2026-02-26T20:45:22.548534108Z
,aiot,0,2026-02-26T20:50:22.546162634Z
,aiot,0,2026-02-26T20:55:22.608479664Z
,aiot,0,2026-02-26T21:00:22.518696556Z
,aiot,0,2026-02-26T21:05:22.549156708Z
,aiot,0,2026-02-26T21:10:22.566407437Z
,aiot,0,2026-02-26T21:15:22.61460734Z
,aiot,0,2026-02-26T21:20:22.64053161Z
,aiot,0,2026-02-26T21:25:22.657770952Z
,aiot,0,2026-02-26T21:30:22.597619008Z
,aiot,0,2026-02-26T21:35:22.637541133Z
,aiot,0,2026-02-26T21:45:23.008331416Z
,aiot,0,2026-02-26T21:50:23.039325944Z
,aiot,0,2026-02-26T21:55:23.067382551Z
,aiot,0,2026-02-26T22:00:22.997305741Z
,aiot,0,2026-02-26T22:05:23.029986992Z
,aiot,0,2026-02-26T22:10:23.047996471Z
,aiot,0,2026-02-26T22:15:23.090060957Z
,aiot,0,2026-02-26T22:20:23.0081983Z
,aiot,0,2026-02-26T22:25:23.156794256Z
,aiot,0,2026-02-26T22:30:23.079584328Z
,aiot,0,2026-02-26T22:35:23.006214874Z
,aiot,0,2026-02-26T22:40:23.141047168Z
,aiot,0,2026-02-26T22:45:23.16747864Z
,aiot,0,2026-02-26T22:50:23.100556099Z
,aiot,0,2026-02-26T22:55:23.247253367Z
,aiot,0,2026-02-26T23:00:23.168271875Z
,aiot,0,2026-02-26T23:05:23.177428744Z
,aiot,0,2026-02-26T23:10:23.231774905Z
,aiot,0,2026-02-26T23:15:23.24955964Z
,aiot,0,2026-02-26T23:20:23.278030256Z
,aiot,0,2026-02-26T23:25:23.208705559Z
,aiot,0,2026-02-26T23:30:23.247839063Z
,aiot,0,2026-02-26T23:35:23.256875379Z
,aiot,0,2026-02-26T23:40:23.308846718Z
,aiot,0,2026-02-26T23:45:23.237282477Z
,aiot,0,2026-02-26T23:50:23.359452203Z
,aiot,0,2026-02-26T23:55:23.290456274Z
,aiot,0,2026-03-01T00:00:41.645033169Z
,aiot,0,2026-03-01T00:05:41.681885322Z
,aiot,0,2026-03-01T00:10:41.729128751Z
,aiot,0,2026-03-01T00:15:41.636877478Z
,aiot,0,2026-03-01T00:20:41.656269679Z
,aiot,0,2026-03-01T00:25:41.711247107Z
,aiot,0,2026-03-01T00:30:41.626832161Z
,aiot,0,2026-03-01T00:35:41.645339398Z
,aiot,0,2026-03-01T00:40:41.691180814Z
,aiot,0,2026-03-01T00:45:41.725764356Z
,aiot,0,2026-03-01T00:50:41.755381617Z
,aiot,0,2026-03-01T00:55:41.785885796Z
,aiot,0,2026-02-28T00:02:16.440828766Z
,aiot,0,2026-02-28T00:07:16.468588621Z
,aiot,0,2026-02-28T00:12:16.50425196Z
,aiot,0,2026-02-28T00:17:16.427826098Z
,aiot,0,2026-02-28T00:22:16.446308949Z
,aiot,0,2026-02-28T00:27:16.586760656Z
,aiot,0,2026-02-28T00:32:16.526970182Z
,aiot,0,2026-02-28T00:37:16.545573561Z
,aiot,0,2026-02-28T00:42:16.588501845Z
,aiot,0,2026-02-28T00:47:16.505886223Z
,aiot,0,2026-02-28T00:52:16.544687497Z
,aiot,0,2026-02-28T00:57:16.575650155Z
,aiot,0,2026-02-28T01:02:16.605503446Z
,aiot,0,2026-02-28T01:07:16.649173264Z
,aiot,0,2026-02-28T01:17:16.848874385Z
,aiot,0,2026-02-28T01:22:16.852561197Z
,aiot,0,2026-02-28T01:27:16.847647295Z
,aiot,0,2026-02-28T01:32:16.97996426Z
,aiot,0,2026-02-28T01:37:17.035438276Z
,aiot,0,2026-02-28T01:42:17.066679356Z
,aiot,0,2026-02-28T01:47:16.986037562Z
,aiot,0,2026-02-28T01:52:17.010234882Z
,aiot,0,2026-02-28T01:57:17.046141371Z
,aiot,0,2026-02-28T02:02:17.094498294Z
,aiot,0,2026-02-28T02:07:17.126798876Z
,aiot,0,2026-02-28T02:12:17.159862075Z
,aiot,0,2026-02-28T02:17:17.07508036Z
,aiot,0,2026-02-28T02:22:17.08907886Z
,aiot,0,2026-02-28T02:27:17.127926339Z
,aiot,0,2026-02-28T02:32:17.04722135Z
,aiot,0,2026-02-28T02:37:17.095588412Z
,aiot,0,2026-02-28T02:42:17.225854401Z
,aiot,0,2026-02-28T02:47:17.137826286Z
,aiot,0,2026-02-28T02:52:17.186089877Z
,aiot,0,2026-02-28T02:57:17.224024601Z
,aiot,0,2026-02-28T03:02:17.165711651Z
,aiot,0,2026-02-28T03:07:17.173269429Z
,aiot,0,2026-02-28T03:12:17.20581343Z
,aiot,0,2026-02-28T03:17:17.150871493Z
,aiot,0,2026-02-28T03:22:17.165136345Z
,aiot,0,2026-02-28T03:27:17.297469241Z
,aiot,0,2026-02-28T03:32:17.226717132Z
,aiot,0,2026-02-28T03:37:17.245565537Z
,aiot,0,2026-02-28T03:47:17.646199406Z
,aiot,0,2026-02-28T03:52:17.644195193Z
,aiot,0,2026-02-28T03:57:17.685662933Z
,aiot,0,2026-02-28T04:02:17.656303605Z
,aiot,0,2026-02-28T04:07:17.85797155Z
,aiot,0,2026-02-28T04:12:17.782835251Z
,aiot,0,2026-02-28T04:17:17.664360316Z
,aiot,0,2026-02-28T04:22:17.844816459Z
,aiot,0,2026-02-28T04:27:17.785644451Z
,aiot,0,2026-02-28T04:32:17.806300975Z
,aiot,0,2026-02-28T04:37:17.844362313Z
,aiot,0,2026-02-28T04:42:17.864691429Z
,aiot,0,2026-02-28T04:47:17.795031131Z
,aiot,0,2026-02-28T04:52:17.826176462Z
,aiot,0,2026-02-28T04:57:17.845622415Z
,aiot,0,2026-02-28T05:02:17.884819674Z
,aiot,0,2026-02-28T05:07:17.915475002Z
,aiot,0,2026-02-28T05:12:17.835901896Z
,aiot,0,2026-02-28T05:17:17.875465127Z
,aiot,0,2026-02-28T05:22:18.016998024Z
,aiot,0,2026-02-28T05:27:17.935684372Z
,aiot,0,2026-02-28T05:32:17.851280285Z
,aiot,0,2026-02-28T05:37:18.006184754Z
,aiot,0,2026-02-28T05:42:18.024396128Z
,aiot,0,2026-02-28T05:47:17.974293908Z
,aiot,0,2026-02-28T05:52:18.006092591Z
,aiot,0,2026-02-28T05:57:18.044923662Z
,aiot,0,2026-02-28T06:02:18.171226902Z
,aiot,0,2026-02-28T06:07:18.204679644Z
,aiot,0,2026-02-28T06:17:18.605224733Z
,aiot,0,2026-02-28T06:22:18.605936042Z
,aiot,0,2026-02-28T06:27:18.845079488Z
,aiot,0,2026-02-28T06:32:18.755909058Z
,aiot,0,2026-02-28T06:37:18.604921479Z
,aiot,0,2026-02-28T06:42:18.814692864Z
,aiot,0,2026-02-28T06:47:18.845065443Z
,aiot,0,2026-02-28T06:52:18.860345415Z
,aiot,0,2026-02-28T06:57:19.006739615Z
,aiot,0,2026-02-28T07:02:19.144700361Z
,aiot,0,2026-02-28T07:07:19.196761313Z
,aiot,0,2026-02-28T07:12:19.228563263Z
,aiot,0,2026-02-28T07:17:19.245324662Z
,aiot,0,2026-02-28T07:22:19.285188692Z
,aiot,0,2026-02-28T07:27:19.292879391Z
,aiot,0,2026-02-28T07:32:19.224612028Z
,aiot,0,2026-02-28T07:37:19.245064747Z
,aiot,0,2026-02-28T07:42:19.279325475Z
,aiot,0,2026-02-28T07:47:19.206008454Z
,aiot,0,2026-02-28T07:52:19.455525044Z
,aiot,0,2026-02-28T07:57:19.495192643Z
,aiot,0,2026-02-28T08:02:19.484992594Z
,aiot,0,2026-02-28T08:07:19.322297683Z
,aiot,0,2026-02-28T08:12:19.38277303Z
,aiot,0,2026-02-28T08:17:19.303767824Z
,aiot,0,2026-02-28T08:22:19.333042032Z
,aiot,0,2026-02-28T08:27:19.466158385Z
,aiot,0,2026-02-28T08:32:19.394996094Z
,aiot,0,2026-02-28T08:37:19.439662431Z
,aiot,0,2026-02-28T08:47:19.644378291Z
,aiot,0,2026-02-28T08:52:19.646073621Z
,aiot,0,2026-02-28T08:57:19.862889493Z
,aiot,0,2026-02-28T09:02:19.783887743Z
,aiot,0,2026-02-28T09:07:19.825769446Z
,aiot,1,2026-02-28T09:12:19.855895434Z
,aiot,2,2026-02-28T09:17:19.785071932Z
,aiot,1,2026-02-28T09:22:19.826156529Z
,aiot,1,2026-02-28T09:27:19.968140308Z
,aiot,0,2026-02-28T09:32:19.88422611Z
,aiot,0,2026-02-28T09:37:19.924973888Z
,aiot,0,2026-02-28T09:42:19.944966519Z
,aiot,1,2026-02-28T09:47:19.85795133Z
,aiot,0,2026-02-28T09:52:19.885875961Z
,aiot,0,2026-02-28T09:57:19.801195355Z
,aiot,2,2026-02-28T10:02:19.836773807Z
,aiot,1,2026-02-28T10:07:19.867184622Z
,aiot,2,2026-02-28T10:12:20.024962482Z
,aiot,0,2026-02-28T10:17:19.937115681Z
,aiot,0,2026-02-28T10:22:19.976830779Z
,aiot,0,2026-02-28T10:27:20.005491867Z
,aiot,0,2026-02-28T10:32:19.926585567Z
,aiot,0,2026-02-28T10:37:19.974641172Z
,aiot,0,2026-02-28T10:42:19.983176575Z
,aiot,0,2026-02-28T10:47:20.034406954Z
,aiot,0,2026-02-28T10:52:19.943709688Z
,aiot,0,2026-02-28T10:57:19.969516412Z
,aiot,0,2026-02-28T11:02:20.012964166Z
,aiot,0,2026-02-28T11:07:20.054536306Z
,aiot,0,2026-02-28T11:17:20.308881039Z
,aiot,0,2026-02-28T11:22:20.311326222Z
,aiot,0,2026-02-28T11:27:20.465130335Z
,aiot,0,2026-02-28T11:32:20.524600995Z
,aiot,0,2026-02-28T11:37:20.328323084Z
,aiot,0,2026-02-28T11:42:20.468990138Z
,aiot,0,2026-02-28T11:47:20.492634936Z
,aiot,0,2026-02-28T11:52:20.442503283Z
,aiot,0,2026-02-28T11:57:20.473231583Z
,aiot,0,2026-02-28T12:02:20.483894661Z
,aiot,0,2026-02-28T12:07:20.352162512Z
,aiot,0,2026-02-28T12:12:20.43925916Z
,aiot,0,2026-02-28T12:17:20.486049385Z
,aiot,0,2026-02-28T12:22:20.418227095Z
,aiot,0,2026-02-28T12:27:20.557533021Z
,aiot,0,2026-02-28T12:32:20.460754002Z
,aiot,0,2026-02-28T12:37:20.519534871Z
,aiot,0,2026-02-28T12:42:20.534432683Z
,aiot,0,2026-02-28T12:47:20.599521679Z
,aiot,0,2026-02-28T12:52:20.613910843Z
,aiot,0,2026-02-28T12:57:20.50974843Z
,aiot,0,2026-02-28T13:02:20.552988242Z
,aiot,0,2026-02-28T13:07:20.580703871Z
,aiot,0,2026-02-28T13:12:20.622021663Z
,aiot,0,2026-02-28T13:17:20.537685748Z
,aiot,0,2026-02-28T13:22:20.573196172Z
,aiot,0,2026-02-28T13:27:20.623307537Z
,aiot,0,2026-02-28T13:32:20.636140462Z
,aiot,0,2026-02-28T13:37:20.766321088Z
,aiot,0,2026-02-28T13:47:20.866002575Z
,aiot,0,2026-02-28T13:52:20.969008545Z
,aiot,0,2026-02-28T13:57:21.008232751Z
,aiot,0,2026-02-28T14:02:21.037047454Z
,aiot,0,2026-02-28T14:07:20.888914566Z
,aiot,0,2026-02-28T14:12:20.986783326Z
,aiot,0,2026-02-28T14:17:21.136675718Z
,aiot,0,2026-02-28T14:22:20.916526922Z
,aiot,0,2026-02-28T14:27:21.095863762Z
,aiot,0,2026-02-28T14:32:21.116121457Z
,aiot,0,2026-02-28T14:37:21.149248314Z
,aiot,0,2026-02-28T14:42:21.063348472Z
,aiot,0,2026-02-28T14:47:21.110115148Z
,aiot,0,2026-02-28T14:52:21.130145147Z
,aiot,0,2026-02-28T14:57:21.272631644Z
,aiot,0,2026-02-28T15:02:21.103627348Z
,aiot,0,2026-02-28T15:07:21.12650239Z
,aiot,0,2026-02-28T15:12:21.269165261Z
,aiot,0,2026-02-28T15:17:21.186745889Z
,aiot,1,2026-02-28T15:22:21.211952538Z
,aiot,0,2026-02-28T15:27:21.256623467Z
,aiot,0,2026-02-28T15:32:21.40831861Z
,aiot,0,2026-02-28T15:37:21.203485684Z
,aiot,0,2026-02-28T15:42:21.228789065Z
,aiot,0,2026-02-28T15:47:21.29002286Z
,aiot,0,2026-02-28T15:52:21.321921536Z
,aiot,0,2026-02-28T15:57:21.245370878Z
,aiot,0,2026-02-28T16:02:21.258698396Z
,aiot,0,2026-02-28T16:07:21.222112264Z
,aiot,0,2026-02-28T16:17:21.813977898Z
,aiot,0,2026-02-28T16:22:21.596174708Z
,aiot,0,2026-02-28T16:27:21.576367548Z
,aiot,0,2026-02-28T16:32:21.605160886Z
,aiot,0,2026-02-28T16:37:21.795801087Z
,aiot,0,2026-02-28T16:42:21.725106501Z
,aiot,0,2026-02-28T16:47:21.751945613Z
,aiot,0,2026-02-28T16:52:21.795826935Z
,aiot,0,2026-02-28T17:00:42.934973067Z
,aiot,0,2026-02-28T17:05:39.695523727Z
,aiot,0,2026-02-28T17:10:39.526351159Z
,aiot,0,2026-02-28T17:15:39.665723752Z
,aiot,0,2026-02-28T17:20:39.683484184Z
,aiot,0,2026-02-28T17:25:39.510792766Z
,aiot,0,2026-02-28T17:30:39.545089279Z
,aiot,2,2026-02-28T17:35:39.685393269Z
,aiot,0,2026-02-28T17:40:39.647552351Z
,aiot,0,2026-02-28T17:45:39.646833291Z
,aiot,0,2026-02-28T17:50:39.677664463Z
,aiot,0,2026-02-28T17:55:39.588059324Z
,aiot,0,2026-02-28T18:00:39.395326632Z
,aiot,0,2026-02-28T18:05:39.524573848Z
,aiot,0,2026-02-28T18:10:39.669039248Z
,aiot,0,2026-02-28T18:15:39.5057631Z
,aiot,0,2026-02-28T18:20:39.743686001Z
,aiot,0,2026-02-28T18:25:39.78564365Z
,aiot,0,2026-02-28T18:30:39.702891382Z
,aiot,0,2026-02-28T18:35:39.727239425Z
,aiot,0,2026-02-28T18:40:39.766589343Z
,aiot,0,2026-02-28T18:50:40.049661174Z
,aiot,0,2026-02-28T18:55:40.157741408Z
,aiot,0,2026-02-28T19:00:40.24638774Z
,aiot,0,2026-02-28T19:05:40.125562919Z
,aiot,0,2026-02-28T19:10:40.175163081Z
,aiot,0,2026-02-28T19:15:40.185697977Z
,aiot,0,2026-02-28T19:20:40.236219298Z
,aiot,0,2026-02-28T19:25:40.244338841Z
,aiot,0,2026-02-28T19:30:40.165510034Z
,aiot,0,2026-02-28T19:35:40.304788648Z
,aiot,0,2026-02-28T19:40:40.23991891Z
,aiot,0,2026-02-28T19:45:40.29055704Z
,aiot,0,2026-02-28T19:50:40.196593661Z
,aiot,0,2026-02-28T19:55:40.334489091Z
,aiot,0,2026-02-28T20:00:40.247578051Z
,aiot,0,2026-02-28T20:05:40.285520735Z
,aiot,0,2026-02-28T20:10:40.30084731Z
,aiot,0,2026-02-28T20:15:40.231427652Z
,aiot,0,2026-02-28T20:20:40.284783464Z
,aiot,0,2026-02-28T20:25:40.315217336Z
,aiot,0,2026-02-28T20:30:40.325624246Z
,aiot,0,2026-02-28T20:35:40.398720737Z
,aiot,0,2026-02-28T20:40:40.404624795Z
,aiot,0,2026-02-28T20:45:40.326453343Z
,aiot,0,2026-02-28T20:50:40.374366821Z
,aiot,0,2026-02-28T20:55:40.405477138Z
,aiot,0,2026-02-28T21:00:40.424361157Z
,aiot,0,2026-02-28T21:05:40.355280493Z
,aiot,0,2026-02-28T21:10:40.384981937Z
,aiot,0,2026-02-28T21:20:40.767097945Z
,aiot,0,2026-02-28T21:25:40.737729693Z
,aiot,0,2026-02-28T21:30:40.774738743Z
,aiot,0,2026-02-28T21:35:40.775128224Z
,aiot,0,2026-02-28T21:40:40.98592208Z
,aiot,0,2026-02-28T21:45:40.924219394Z
,aiot,0,2026-02-28T21:50:40.947072522Z
,aiot,0,2026-02-28T21:55:40.979068522Z
,aiot,0,2026-02-28T22:00:40.906746561Z
,aiot,0,2026-02-28T22:05:40.917588044Z
,aiot,0,2026-02-28T22:10:40.964275093Z
,aiot,0,2026-02-28T22:15:40.996237612Z
,aiot,0,2026-02-28T22:20:41.029111321Z
,aiot,0,2026-02-28T22:25:41.166136956Z
,aiot,0,2026-02-28T22:30:40.987413389Z
,aiot,0,2026-02-28T22:35:41.01622961Z
,aiot,0,2026-02-28T22:40:41.046037874Z
,aiot,0,2026-02-28T22:45:40.967420213Z
,aiot,0,2026-02-28T22:50:41.015309593Z
,aiot,0,2026-02-28T22:55:41.127237593Z
,aiot,0,2026-02-28T23:00:41.087399812Z
,aiot,0,2026-02-28T23:05:41.004929927Z
,aiot,0,2026-02-28T23:10:41.138787146Z
,aiot,0,2026-02-28T23:15:41.07125197Z
,aiot,0,2026-02-28T23:20:41.071222039Z
,aiot,0,2026-02-28T23:25:41.126064619Z
,aiot,0,2026-02-28T23:30:41.045164614Z
,aiot,0,2026-02-28T23:35:41.07472486Z
,aiot,0,2026-02-28T23:40:41.118671286Z
,aiot,0,2026-02-28T23:50:41.486540693Z
,aiot,0,2026-02-28T23:55:41.617548476Z
,aiot,0,2026-02-27T00:00:23.326314701Z
,aiot,0,2026-02-27T00:05:23.359836998Z
,aiot,0,2026-02-27T00:15:23.727919834Z
,aiot,0,2026-02-27T00:20:23.567506523Z
,aiot,0,2026-02-27T00:25:23.807427662Z
,aiot,0,2026-02-27T00:30:23.717791937Z
,aiot,0,2026-02-27T00:35:23.747203127Z
,aiot,0,2026-02-27T00:40:23.678956117Z
,aiot,0,2026-02-27T00:45:23.706366625Z
,aiot,0,2026-02-27T00:50:23.727801772Z
,aiot,0,2026-02-27T00:55:23.77149943Z
,aiot,0,2026-02-27T01:00:23.797811052Z
,aiot,0,2026-02-27T01:05:23.838250753Z
,aiot,0,2026-02-27T01:10:23.868095162Z
,aiot,0,2026-02-27T01:15:23.799650989Z
,aiot,0,2026-02-27T01:20:23.826705679Z
,aiot,0,2026-02-27T01:25:23.865965153Z
,aiot,0,2026-02-27T01:30:23.787848892Z
,aiot,0,2026-02-27T01:35:23.807802916Z
,aiot,0,2026-02-27T01:40:23.967860042Z
,aiot,0,2026-02-27T01:45:23.885674739Z
,aiot,0,2026-02-27T01:50:23.8980516Z
,aiot,0,2026-02-27T01:55:23.949587719Z
,aiot,0,2026-02-27T02:00:23.868115228Z
,aiot,0,2026-02-27T02:05:23.882130825Z
,aiot,0,2026-02-27T02:10:24.052027801Z
,aiot,0,2026-02-27T02:15:23.958345482Z
,aiot,0,2026-02-27T02:20:23.978263172Z
,aiot,0,2026-02-27T02:25:24.035402906Z
,aiot,0,2026-02-27T02:30:23.978525821Z
,aiot,0,2026-02-27T02:35:23.965751482Z
,aiot,0,2026-02-27T02:45:24.361093923Z
,aiot,0,2026-02-27T02:50:24.223804353Z
,aiot,0,2026-02-27T02:55:24.417396245Z
,aiot,0,2026-02-27T03:00:24.248129679Z
,aiot,0,2026-02-27T03:05:24.368898473Z
,aiot,0,2026-02-27T03:10:24.406628656Z
,aiot,0,2026-02-27T03:15:24.436078678Z
,aiot,0,2026-02-27T03:20:24.467711692Z
,aiot,0,2026-02-27T03:25:24.496686501Z
,aiot,0,2026-02-27T03:30:24.425791764Z
,aiot,0,2026-02-27T03:35:24.446164524Z
,aiot,0,2026-02-27T03:40:24.486367319Z
,aiot,0,2026-02-27T03:45:24.413063582Z
,aiot,0,2026-02-27T03:50:24.547465381Z
,aiot,0,2026-02-27T03:55:24.487194543Z
,aiot,0,2026-02-27T04:00:24.506944579Z
,aiot,0,2026-02-27T04:05:24.43431427Z
,aiot,0,2026-02-27T04:10:24.581661256Z
,aiot,0,2026-02-27T04:15:24.497721283Z
,aiot,0,2026-02-27T04:20:24.528218834Z
,aiot,0,2026-02-27T04:25:24.56333815Z
,aiot,0,2026-02-27T04:30:24.599415025Z
,aiot,0,2026-02-27T04:35:24.609953688Z
,aiot,0,2026-02-27T04:40:24.657681587Z
,aiot,0,2026-02-27T04:45:24.607351334Z
,aiot,0,2026-02-27T04:50:24.607204765Z
,aiot,0,2026-02-27T04:55:24.547998448Z
,aiot,0,2026-02-27T05:00:24.567280267Z
,aiot,0,2026-02-27T05:05:24.707160661Z
,aiot,0,2026-02-27T05:15:24.926840889Z
,aiot,0,2026-02-27T05:20:24.897106467Z
,aiot,0,2026-02-27T05:25:25.148330051Z
,aiot,0,2026-02-27T05:30:24.92829756Z
,aiot,0,2026-02-27T05:35:25.090206523Z
,aiot,0,2026-02-27T05:40:25.12645653Z
,aiot,0,2026-02-27T05:45:25.070356623Z
,aiot,0,2026-02-27T05:50:25.07317874Z
,aiot,0,2026-02-27T05:55:25.127184882Z
,aiot,0,2026-02-27T06:00:25.165427185Z
,aiot,3,2026-02-27T06:05:25.089079853Z
,aiot,0,2026-02-27T06:10:25.219526381Z
,aiot,0,2026-02-27T06:15:25.149500248Z
,aiot,1,2026-02-27T06:20:25.168082134Z
,aiot,0,2026-02-27T06:25:25.215521851Z
,aiot,0,2026-02-27T06:30:25.236946473Z
,aiot,1,2026-02-27T06:35:25.174671404Z
,aiot,0,2026-02-27T06:40:25.297078112Z
,aiot,0,2026-02-27T06:45:25.238900493Z
,aiot,0,2026-02-27T06:50:25.147634754Z
,aiot,0,2026-02-27T06:55:25.289211333Z
,aiot,0,2026-02-27T07:00:25.198824654Z
,aiot,0,2026-02-27T07:05:25.249305866Z
,aiot,0,2026-02-27T07:10:25.387571658Z
,aiot,7,2026-02-27T07:15:25.40746358Z
,aiot,2,2026-02-27T07:20:25.407287944Z
,aiot,3,2026-02-27T07:25:25.394002275Z
,aiot,4,2026-02-27T07:30:25.30798152Z
,aiot,2,2026-02-27T07:35:25.328628273Z
,aiot,0,2026-02-27T07:45:25.767034349Z
,aiot,0,2026-02-27T07:50:25.728775651Z
,aiot,0,2026-02-27T07:55:25.769785816Z
,aiot,1,2026-02-27T08:00:25.624377508Z
,aiot,0,2026-02-27T08:05:25.735666552Z
,aiot,1,2026-02-27T08:10:25.756927365Z
,aiot,0,2026-02-27T08:15:25.775287416Z
,aiot,1,2026-02-27T08:20:25.806903728Z
,aiot,0,2026-02-27T08:25:25.851701045Z
,aiot,0,2026-02-27T08:30:25.782719213Z
,aiot,1,2026-02-27T08:35:25.808495047Z
,aiot,4,2026-02-27T08:40:25.836510746Z
,aiot,0,2026-02-27T08:45:25.867150185Z
,aiot,0,2026-02-27T08:50:25.789707142Z
,aiot,0,2026-02-27T08:55:25.813832345Z
,aiot,0,2026-02-27T09:00:25.848576323Z
,aiot,2,2026-02-27T09:05:25.888136105Z
,aiot,7,2026-02-27T09:10:25.91853634Z
,aiot,2,2026-02-27T09:15:25.874935642Z
,aiot,2,2026-02-27T09:20:25.881936664Z
,aiot,0,2026-02-27T09:25:25.918440256Z
,aiot,0,2026-02-27T09:30:25.927399135Z
,aiot,0,2026-02-27T09:35:25.977973898Z
,aiot,1,2026-02-27T09:40:25.897207894Z
,aiot,2,2026-02-27T09:45:25.927857207Z
,aiot,2,2026-02-27T09:50:25.957820359Z
,aiot,2,2026-02-27T09:55:25.987308957Z
,aiot,1,2026-02-27T10:00:26.011640385Z
,aiot,1,2026-02-27T10:05:26.056127867Z
,aiot,0,2026-02-27T10:16:09.261494366Z
,aiot,0,2026-02-27T10:21:09.260396946Z
,aiot,0,2026-02-27T10:26:09.252036994Z
,aiot,0,2026-02-27T10:31:09.260736608Z
,aiot,1,2026-02-27T10:36:09.334207741Z
,aiot,2,2026-02-27T10:41:09.348106685Z
,aiot,1,2026-02-27T10:46:09.404352057Z
,aiot,1,2026-02-27T10:51:09.433816943Z
,aiot,0,2026-02-27T10:56:09.44732631Z
,aiot,2,2026-02-27T11:01:09.494627075Z
,aiot,2,2026-02-27T11:06:09.420437588Z
,aiot,2,2026-02-27T11:11:09.447851181Z
,aiot,1,2026-02-27T11:16:09.474614229Z
,aiot,0,2026-02-27T11:21:09.466722263Z
,aiot,0,2026-02-27T11:26:09.487595907Z
,aiot,1,2026-02-27T11:31:09.537216126Z
,aiot,2,2026-02-27T11:36:09.589064379Z
,aiot,2,2026-02-27T11:41:09.484546905Z
,aiot,3,2026-02-27T11:46:09.629709536Z
,aiot,1,2026-02-27T11:51:09.583789733Z
,aiot,0,2026-02-27T11:56:09.585807037Z
,aiot,0,2026-02-27T12:01:09.60665955Z
,aiot,4,2026-02-27T12:06:09.68764653Z
,aiot,0,2026-02-27T12:11:09.584758798Z
,aiot,0,2026-02-27T12:16:09.587337456Z
,aiot,1,2026-02-27T12:21:09.655174575Z
,aiot,0,2026-02-27T12:26:09.669680527Z
,aiot,0,2026-02-27T12:31:09.690415764Z
,aiot,0,2026-02-27T12:36:09.614677278Z
,aiot,0,2026-02-27T12:46:09.970620911Z
,aiot,1,2026-02-27T12:51:09.980487332Z
,aiot,0,2026-02-27T12:56:09.934029689Z
,aiot,1,2026-02-27T13:01:10.078583358Z
,aiot,2,2026-02-27T13:06:12.695889555Z
,aiot,0,2026-02-27T13:11:09.970225577Z
,aiot,0,2026-02-27T13:16:10.082594365Z
,aiot,1,2026-02-27T13:21:10.105261326Z
,aiot,0,2026-02-27T13:26:10.136218394Z
,aiot,3,2026-02-27T13:31:10.042905005Z
,aiot,1,2026-02-27T13:36:10.106442776Z
,aiot,0,2026-02-27T13:41:10.117105138Z
,aiot,3,2026-02-27T13:46:10.167619926Z
,aiot,0,2026-02-27T13:51:10.188647256Z
,aiot,0,2026-02-27T13:56:10.1312057Z
,aiot,0,2026-02-27T14:01:10.153363872Z
,aiot,2,2026-02-27T14:06:10.178174103Z
,aiot,3,2026-02-27T14:11:10.086621762Z
,aiot,0,2026-02-27T14:16:10.21573933Z
,aiot,11,2026-02-27T14:21:10.166513619Z
,aiot,3,2026-02-27T14:26:10.206429859Z
,aiot,0,2026-02-27T14:31:10.244074026Z
,aiot,0,2026-02-27T14:36:10.277116637Z
,aiot,0,2026-02-27T14:41:10.307584892Z
,aiot,0,2026-02-27T14:46:10.327287779Z
,aiot,0,2026-02-27T14:51:10.367517402Z
,aiot,0,2026-02-27T14:56:10.277497614Z
,aiot,0,2026-02-27T15:01:10.417626263Z
,aiot,0,2026-02-27T15:06:10.338612604Z
,aiot,0,2026-02-27T15:16:10.70763035Z
,aiot,0,2026-02-27T15:21:10.688463048Z
,aiot,0,2026-02-27T15:26:10.706147916Z
,aiot,0,2026-02-27T15:31:10.931396577Z
,aiot,0,2026-02-27T15:36:10.844693672Z
,aiot,0,2026-02-27T15:41:10.86696661Z
,aiot,0,2026-02-27T15:46:10.897374801Z
,aiot,0,2026-02-27T15:51:10.836508423Z
,aiot,0,2026-02-27T15:56:10.878504753Z
,aiot,0,2026-02-27T16:01:10.888601821Z
,aiot,0,2026-02-27T16:06:10.809470976Z
,aiot,0,2026-02-27T16:11:10.847742683Z
,aiot,0,2026-02-27T16:16:10.996345065Z
,aiot,0,2026-02-27T16:21:10.913013045Z
,aiot,0,2026-02-27T16:26:10.93572867Z
,aiot,0,2026-02-27T16:31:10.977914275Z
,aiot,0,2026-02-27T16:36:10.887358292Z
,aiot,0,2026-02-27T16:41:10.928298081Z
,aiot,0,2026-02-27T16:46:11.068797531Z
,aiot,0,2026-02-27T16:51:10.998224229Z
,aiot,0,2026-02-27T16:56:11.028185575Z
,aiot,0,2026-02-27T17:01:11.058407562Z
,aiot,0,2026-02-27T17:06:11.000923215Z
,aiot,0,2026-02-27T17:11:11.008442161Z
,aiot,0,2026-02-27T17:16:11.057964424Z
,aiot,0,2026-02-27T17:21:10.974522902Z
,aiot,0,2026-02-27T17:26:11.009111154Z
,aiot,0,2026-02-27T17:31:11.039925893Z
,aiot,0,2026-02-27T17:36:11.068629593Z
,aiot,0,2026-02-27T17:46:11.538293889Z
,aiot,0,2026-02-27T17:51:11.566959989Z
,aiot,0,2026-02-27T17:56:11.597438652Z
,aiot,0,2026-02-27T18:01:11.648212436Z
,aiot,0,2026-02-27T18:06:11.566742038Z
,aiot,0,2026-02-27T18:11:11.618702339Z
,aiot,0,2026-02-27T18:16:11.628674985Z
,aiot,0,2026-02-27T18:21:11.558752906Z
,aiot,0,2026-02-27T18:26:11.571472545Z
,aiot,0,2026-02-27T18:31:11.618062476Z
,aiot,0,2026-02-27T18:36:11.649937797Z
,aiot,0,2026-02-27T18:41:11.685346024Z
,aiot,0,2026-02-27T18:46:11.71176565Z
,aiot,0,2026-02-27T18:51:11.637083936Z
,aiot,0,2026-02-27T18:56:11.667794795Z
,aiot,0,2026-02-27T19:01:11.707951384Z
,aiot,0,2026-02-27T19:06:11.728685339Z
,aiot,0,2026-02-27T19:11:11.771516736Z
,aiot,0,2026-02-27T19:16:11.796370045Z
,aiot,0,2026-02-27T19:21:11.727752734Z
,aiot,4,2026-02-27T19:26:11.767882633Z
,aiot,3,2026-02-27T19:31:11.818300241Z
,aiot,0,2026-02-27T19:36:11.709466973Z
,aiot,0,2026-02-27T19:41:11.72773429Z
,aiot,0,2026-02-27T19:46:11.770411066Z
,aiot,0,2026-02-27T19:51:11.79878771Z
,aiot,0,2026-02-27T19:56:11.839168171Z
,aiot,0,2026-02-27T20:01:11.867863723Z
,aiot,0,2026-02-27T20:06:11.80473771Z
,aiot,0,2026-02-27T20:16:12.269058576Z
,aiot,0,2026-02-27T20:21:12.295204567Z
,aiot,0,2026-02-27T20:26:12.327260622Z
,aiot,0,2026-02-27T20:31:12.253709715Z
,aiot,0,2026-02-27T20:36:12.288030564Z
,aiot,0,2026-02-27T20:41:12.429228822Z
,aiot,0,2026-02-27T20:46:12.347139754Z
,aiot,0,2026-02-27T20:51:12.367738626Z
,aiot,0,2026-02-27T20:56:12.416979093Z
,aiot,0,2026-02-27T21:01:12.327325706Z
,aiot,0,2026-02-27T21:06:12.395595771Z
,aiot,0,2026-02-27T21:11:12.508431982Z
,aiot,0,2026-02-27T21:16:12.429158978Z
,aiot,0,2026-02-27T21:21:12.46773455Z
,aiot,0,2026-02-27T21:26:12.50546524Z
,aiot,0,2026-02-27T21:31:12.427362592Z
,aiot,0,2026-02-27T21:36:12.44754194Z
,aiot,0,2026-02-27T21:41:12.495676886Z
,aiot,0,2026-02-27T21:46:12.427192719Z
,aiot,0,2026-02-27T21:51:12.447248359Z
,aiot,0,2026-02-27T21:56:12.577091434Z
,aiot,0,2026-02-27T22:01:12.507210095Z
,aiot,0,2026-02-27T22:06:12.526058887Z
,aiot,0,2026-02-27T22:11:12.576980684Z
,aiot,0,2026-02-27T22:16:12.486816053Z
,aiot,0,2026-02-27T22:21:12.640685606Z
,aiot,0,2026-02-27T22:26:12.666562315Z
,aiot,0,2026-02-27T22:31:12.597477973Z
,aiot,0,2026-02-27T22:36:12.635233374Z
,aiot,0,2026-02-27T22:46:12.928004174Z
,aiot,0,2026-02-27T22:51:12.951289369Z
,aiot,0,2026-02-27T22:56:13.056605707Z
,aiot,0,2026-02-27T23:01:13.094695361Z
,aiot,0,2026-02-27T23:06:13.137055202Z
,aiot,0,2026-02-27T23:11:13.170567731Z
,aiot,0,2026-02-27T23:16:13.077454865Z
,aiot,0,2026-02-27T23:21:13.116252951Z
,aiot,0,2026-02-27T23:32:16.358592735Z
,aiot,0,2026-02-27T23:37:16.36669856Z
,aiot,0,2026-02-27T23:42:16.4151612Z
,aiot,0,2026-02-27T23:47:16.335156016Z
,aiot,0,2026-02-27T23:52:16.366883402Z
,aiot,0,2026-02-27T23:57:16.534266386Z
